"from","to","weight"
"a Casino Boss","a Tourist",1
"a Casino Boss","Chandler",1
"a Casino Boss","Joey",1
"a Casino Boss","Phoebe",1
"a Casino Boss","Rachel",1
"a Crew Member","Alex",1
"a Crew Member","Chandler",1
"a Crew Member","Joey",1
"a Crew Member","The Director",1
"a Disembodied Voice","Phoebe",1
"a Disembodied Voice","The Fireman",1
"a Drunken Gambler","Chandler",1
"a Drunken Gambler","Drunken Gambler",1
"a Drunken Gambler","Monica",1
"a Drunken Gambler","The Croupier",1
"a Female Student","Monica",1
"a Female Student","Phoebe",1
"a Male Customer","Jill",1
"a Male Customer","Joey",1
"a Male Customer","Rachel",1
"a Male Customer","Woman",1
"a Student","Rachel",1
"a Student","Ross",1
"a Tourist","Chandler",1
"a Tourist","Joey",1
"a Tourist","Phoebe",1
"a Tourist","Rachel",1
"a Waiter","Joey",1
"a Waiter","Monica",1
"a Waiter","The Waiter",1
"a Waiter in Drag","Announcer",1
"a Waiter in Drag","Chandler",1
"a Waiter in Drag","Helena",1
"a Waiter in Drag","Monica",1
"a Waiter in Drag","Waiter in Drag",1
"a Woman","Megan",1
"a Woman","Monica",1
"a Woman","Phoebe",1
"a Woman","Rachel",1
"a Woman","Woman",1
"Actor","Joey",1
"Adoption Agency Guy","Agency Guy",1
"Adoption Agency Guy","Chandler",1
"Adoption Agency Guy","Erica",1
"Adoption Agency Guy","Monica",1
"Adrienne","Chandler",1
"Adrienne","Monica",1
"Adrienne","Rachel",1
"Adrienne","Ross",1
"Agency Guy","Chandler",3
"Agency Guy","Erica",3
"Agency Guy","Monica",3
"Air Stewardess","Passenger #1",1
"Air Stewardess","Passenger #2",1
"Air Stewardess","Passenger #3",1
"Air Stewardess","Phoebe",1
"Air Stewardess","Rachel",2
"Air Stewardess","Ross",2
"Airline Employee","Chandler",1
"Airline Employee","Monica",1
"Alan","Chandler",1
"Alan","Joey",1
"Alan","Monica",2
"Alan","Phoebe",1
"Alan","Rachel",1
"Alan","Ross",1
"Alan","The Guys",1
"Alex","Chandler",1
"Alex","Joey",1
"Alex","The Director",1
"Alexandra Steele","Joey",1
"Alexandra Steele","Rachel",1
"Alice","Chandler",4
"Alice","Dan",1
"Alice","Dr Harad",1
"Alice","Dr Zane",1
"Alice","Frank",8
"Alice","Joey",3
"Alice","Joey's Doctor",1
"Alice","Monica",4
"Alice","Phoebe",10
"Alice","Phoebe Sr",1
"Alice","Rachel",4
"Alice","Ross",2
"Alison","Chandler",1
"Alison","Janice",1
"Alison","Joey",1
"Alison","Monica",1
"Alison","Mr Boyle",1
"Alison","Mr Heckles",1
"Alison","Mr Treeger",1
"Alison","Phoebe",1
"Alison","Rachel",1
"Alison","Ross",1
"Amanda","Chandler",2
"Amanda","Joey",2
"Amanda","Monica",4
"Amanda","Phoebe",4
"Amanda","Rachel",2
"Amanda","Ross",1
"Amber","Chandler",2
"Amber","Dr Horton",1
"Amber","Dr Remore",2
"Amber","Intercom",1
"Amber","Joey",1
"Amber","Monica",2
"Amber","Phoebe",1
"Amber","Rachel",2
"Amber","Ross",2
"Amy","Amy Storms Out",1
"Amy","Chandler",3
"Amy","Charlie",1
"Amy","Joey",6
"Amy","Joey Laughs",1
"Amy","Joey Nods",1
"Amy","Monica",3
"Amy","Phoebe",2
"Amy","Rachel",9
"Amy","Ross",5
"Amy","Tv Announcer",1
"Amy","Woman at Door",1
"Amy Storms Out","Chandler",1
"Amy Storms Out","Joey",1
"Amy Storms Out","Joey Laughs",1
"Amy Storms Out","Joey Nods",1
"Amy Storms Out","Monica",1
"Amy Storms Out","Phoebe",1
"Amy Storms Out","Rachel",1
"Amy Storms Out","Ross",1
"Amy Storms Out","Tv Announcer",1
"Amy Storms Out","Woman at Door",1
"Anchorwoman","Chandler",1
"Anchorwoman","Joey",1
"Anchorwoman","Ross",1
"Andrea","Chandler",1
"Andrea","Joey",1
"Andrea","Monica",1
"Andrea","Mr Geller",1
"Andrea","Mrs Geller",1
"Andrea","Phoebe",1
"Andrea","Rachel",1
"Andrea","Ross",1
"Angela","Bob",1
"Angela","Chandler",1
"Angela","Joey",3
"Angela","Monica",4
"Angela","Phoebe",1
"Angela","Rachel",1
"Angela","Ross",1
"Annabelle","Customer",1
"Annabelle","Guy",1
"Annabelle","Hombre Man",3
"Annabelle","Joey",3
"Annabelle","Store Guy",1
"Announcer","Chandler",1
"Announcer","Helena",1
"Announcer","Joey",2
"Announcer","Mike",2
"Announcer","Monica",2
"Announcer","Pete",1
"Announcer","Phoebe",2
"Announcer","Rachel",1
"Announcer","Referee",1
"Announcer","Ross",1
"Announcer","The Presenter",1
"Announcer","Waiter in Drag",1
"Another Extra","Director",1
"Another Extra","Extra",1
"Another Extra","Joey",1
"Another Extra","Man",1
"Another Extra","Phoebe",1
"Another Man's Voice","Man's Voice",1
"Another Man's Voice","Phoebe",1
"Another Man's Voice","Same Man's Voice",1
"Another Man's Voice","Ursula",1
"Another Scientist","Another Tour Guide",1
"Another Scientist","Joey",1
"Another Scientist","Older Scientist",1
"Another Scientist","Ross",1
"Another Scientist","Tour Guide",1
"Another Tour Guide","Joey",1
"Another Tour Guide","Older Scientist",1
"Another Tour Guide","Ross",1
"Another Tour Guide","Tour Guide",1
"Answering Machine","Emily",1
"Answering Machine","Monica",1
"Answering Machine","Rachel",1
"Arthur","Jack",1
"Arthur","Phoebe",1
"Arthur","Woman",1
"Ashley","Bandleader",1
"Ashley","Chandler",1
"Ashley","Dennis Phillips",1
"Ashley","Fat Girl",1
"Ashley","Gert",1
"Ashley","Joey",1
"Ashley","Little Girl",1
"Ashley","Mona",1
"Ashley","Monica",1
"Ashley","Mr Geller",1
"Ashley","Phoebe",1
"Ashley","Rachel",1
"Ashley","Ross",1
"Ashley","Second Girl",1
"Assistant","Ross",1
"Aunt Iris","Monica",1
"Aunt Iris","Phoebe",1
"Aunt Iris","Rachel",1
"Aunt Lillian","Monica",1
"Aunt Lillian","Mr Geller",1
"Aunt Lillian","Mrs Geller",2
"Aunt Lillian","Nurse",1
"Aunt Lillian","Ross",2
"Aunt Lisa","Chandler",2
"Aunt Lisa","Joey",2
"Aunt Lisa","Man",2
"Aunt Lisa","Monica",2
"Aunt Lisa","Mr Geller",2
"Aunt Lisa","Mrs Geller",2
"Aunt Lisa","Parker",2
"Aunt Lisa","Phoebe",2
"Aunt Lisa","Rachel",2
"Aunt Lisa","Ross",2
"Aunt Lisa","Uncle Dan",1
"Aunt Millie","Frannie",1
"Aunt Millie","Monica",2
"Aunt Millie","Ross",2
"Aunt Millie","The Woman",1
"Aurora","Chandler",3
"Aurora","Joey",2
"Aurora","Monica",2
"Aurora","Phoebe",2
"Aurora","Rachel",1
"Aurora","Ross",2
"Bandleader","Chandler",2
"Bandleader","Dennis Phillips",2
"Bandleader","Fat Girl",1
"Bandleader","Funny",1
"Bandleader","Gert",1
"Bandleader","Joey",2
"Bandleader","Little Girl",1
"Bandleader","Mona",2
"Bandleader","Monica",2
"Bandleader","Mr Geller",1
"Bandleader","Mrs Bing",1
"Bandleader","Phoebe",2
"Bandleader","Rachel",2
"Bandleader","Ross",2
"Bandleader","Second Girl",1
"Bandleader","Waiter",1
"Bandleader","Woman",1
"Bank Officer","Chandler",1
"Bank Officer","Ms Lambert",1
"Bank Officer","Ross",1
"Barry","Bernice",3
"Barry","Best Man",1
"Barry","Carol",1
"Barry","Mindy",2
"Barry","Monica",1
"Barry","Mr Wineburg",1
"Barry","Mrs Wineburg",1
"Barry","Rachel",9
"Barry","Richard",1
"Barry","Robbie",2
"Barry","Ross",4
"Barry","Susan",1
"Bass Singer","Julio",1
"Bass Singer","Man",1
"Bass Singer","Quartet",1
"Ben","Carol",5
"Ben","Chandler",6
"Ben","Joey",4
"Ben","Monica",6
"Ben","Phoebe",7
"Ben","Rachel",10
"Ben","Ross",13
"Ben","Susan",1
"Ben","The Teacher",1
"Benjamin","Charlie",2
"Benjamin","Dr Biely",1
"Benjamin","Dr Li",1
"Benjamin","Ross",4
"Bernice","Carol",1
"Bernice","Mindy",1
"Bernice","Rachel",3
"Bernice","Robbie",1
"Bernice","Ross",1
"Bernice","Susan",1
"Best Man","Monica",1
"Best Man","Rachel",1
"Best Man","Richard",1
"Best Man","Ross",1
"Big Bully","Chandler",4
"Big Bully","Gunther",1
"Big Bully","Little Bully",4
"Big Bully","Ross",4
"Big Nosed Rachel","Chandler",1
"Big Nosed Rachel","Fat Monica",1
"Big Nosed Rachel","Monica",1
"Big Nosed Rachel","Mr Geller",1
"Big Nosed Rachel","Mrs Geller",1
"Big Nosed Rachel","Ross",1
"Bill","Chandler",2
"Bill","Colleen",2
"Bill","Kevin",1
"Bill","Monica",2
"Bill","Owen",2
"Bill","Phoebe",1
"Bill","Rachel",1
"Billy Crystal","Chandler",1
"Billy Crystal","Joey",1
"Billy Crystal","Monica",1
"Billy Crystal","Phoebe",1
"Billy Crystal","Rachel",1
"Billy Crystal","Robin Williams",1
"Billy Crystal","Ross",1
"Bitter Lady","Chandler",2
"Bitter Woman","Chandler",1
"Bitter Woman","Monica",1
"Bitter Woman","Phoebe",1
"Blackjack Dealer","Chandler",1
"Blackjack Dealer","Joey",1
"Blackjack Dealer","Phoebe",1
"Blonde Girl","Chandler",1
"Blonde Girl","Ross",1
"Bob","Chandler",5
"Bob","Joey",2
"Bob","Monica",1
"Bob","Mr Franklin",2
"Bob","Phoebe",1
"Bob","Ross",1
"Bonnie","Chandler",6
"Bonnie","Joey",5
"Bonnie","Monica",3
"Bonnie","Phoebe",5
"Bonnie","Rachel",8
"Bonnie","Ross",7
"Bonnie","The Girls",1
"Bonnie","The Guys",1
"Boy","Girl",1
"Boy","Nurse",1
"Boy","Receptionist",1
"Boy","Ross",1
"Boy","Woman",1
"Boy in the Cape","Chandler",1
"Boy in the Cape","Gunther",1
"Boy in the Cape","Joey",1
"Boy in the Cape","Kid",1
"Boy in the Cape","Monica",1
"Boy in the Cape","Rachel",1
"Boys","Caroline",1
"Boys","Chandler",1
"Boys","Doctor",1
"Boys","Joey",1
"Boys","Kid",1
"Boys","Monica",1
"Boys","Phoebe",1
"Boys","Rachel",1
"Boys","Ross",1
"Boys","Stephanie",1
"Boys","Terry",1
"Burt","Elizabeth",3
"Burt","Lydia",1
"Burt","Mel",1
"Burt","Ross",3
"C.h.e.e.s.e","Chandler",1
"C.h.e.e.s.e","Joey",1
"C.h.e.e.s.e","Mac",1
"C.h.e.e.s.e","Monica",1
"C.h.e.e.s.e","Phoebe",1
"C.h.e.e.s.e","Rachel",1
"C.h.e.e.s.e","Ross",1
"C.h.e.e.s.e.","Joey",2
"C.h.e.e.s.e.","The Producer",1
"C.h.e.e.s.e.","Wayne",1
"Cailin","Chandler",1
"Cailin","Estelle",1
"Cailin","Joey",1
"Cailin","Lauren",1
"Cailin","Man",1
"Cailin","Monica",1
"Cailin","Pete",1
"Cailin","Rachel",2
"Cailin","Ross",2
"Cailin","The Director",1
"Cailin","Tommy",1
"Caitlin","Chandler",3
"Caitlin","Delivery Girl",1
"Caitlin","Grandma Tribbiani",1
"Caitlin","Joey",2
"Caitlin","Monica",2
"Caitlin","Phoebe",2
"Caitlin","Rachel",3
"Caitlin","Ross",3
"Carl","Chandler",1
"Carl","Joey",2
"Carl","Monica",1
"Carl","Rachel",1
"Carl","Ross",1
"Carl","The Doctor",1
"Carol","Chandler",12
"Carol","Dr Franzblau",4
"Carol","Dr Oberman",1
"Carol","Emily",2
"Carol","Helen",1
"Carol","Joey",12
"Carol","Kristin",1
"Carol","Kyle",1
"Carol","Marsha",1
"Carol","Minister",1
"Carol","Monica",11
"Carol","Mr a",1
"Carol","Mr Green",1
"Carol","Mrs Green",1
"Carol","Nina",1
"Carol","Nurse",2
"Carol","Phoebe",9
"Carol","Rachel",13
"Carol","Raymond",1
"Carol","Robbie",1
"Carol","Ross",39
"Carol","Soothing Male Voice",1
"Carol","Susan",25
"Carol","Teacher",2
"Carol","Woman",2
"Caroline","Chandler",1
"Caroline","Doctor",1
"Caroline","Joey",1
"Caroline","Kid",1
"Caroline","Monica",1
"Caroline","Phoebe",1
"Caroline","Rachel",1
"Caroline","Ross",1
"Caroline","Stephanie",1
"Caroline","Terry",1
"Casey","Chandler",1
"Casey","Joey",1
"Cashier","Rachel",1
"Cashier","Ross",1
"Cassie","Chandler",1
"Cassie","Monica",1
"Cassie","Phoebe",1
"Cassie","Ross",3
"Casting Assistant","Director",1
"Casting Assistant","Joey",1
"Casting Assistant","Phoebe",1
"Casting Director #1","Joey",1
"Casting Director #2","Joey",1
"Casting Director #3","Joey",1
"Casting Guy","Joey",1
"Cecilia","Dina",3
"Cecilia","Fredrick",1
"Cecilia","Jessica Lockhart",2
"Cecilia","Joey",5
"Cecilia","Monica",1
"Cecilia","Rachel",1
"Cecilia","The Director",2
"Cecilia","The Writer",1
"Celia","Ross",2
"Chandler","Chandlers",1
"Chandler","Charlie",9
"Chandler","Cheryl",1
"Chandler","Chip",1
"Chandler","Chloe",2
"Chandler","Claudia",2
"Chandler","Clown",1
"Chandler","Colleen",2
"Chandler","Cookie",2
"Chandler","Cop",1
"Chandler","Cowgirl",1
"Chandler","Croupler",1
"Chandler","Customer",3
"Chandler","Cut to",1
"Chandler","Cynthia",1
"Chandler","Dan",3
"Chandler","Dana",2
"Chandler","Danielle",1
"Chandler","Danny",2
"Chandler","David",7
"Chandler","Delivery Girl",1
"Chandler","Dennis Phillips",2
"Chandler","Dick Clark",1
"Chandler","Dirk",1
"Chandler","Doctor",3
"Chandler","Doctor Connelly",1
"Chandler","Don",2
"Chandler","Doug",10
"Chandler","Dr Baldhara",1
"Chandler","Dr Franzblau",2
"Chandler","Dr Harad",4
"Chandler","Dr Horton",1
"Chandler","Dr Remore",2
"Chandler","Drew",1
"Chandler","Drunk Man",1
"Chandler","Drunken Gambler",2
"Chandler","Eddie",13
"Chandler","Eldad",1
"Chandler","Elizabeth",2
"Chandler","Emeril",1
"Chandler","Emily",12
"Chandler","Emma",1
"Chandler","Eric",3
"Chandler","Erica",14
"Chandler","Estelle",4
"Chandler","Fat Girl",1
"Chandler","Fat Monica",2
"Chandler","Fbob",4
"Chandler","Felicity",1
"Chandler","Female Student",1
"Chandler","Fergie",1
"Chandler","Fireman #1",1
"Chandler","Frank",7
"Chandler","Frank Jr.",1
"Chandler","Frank Sr.",1
"Chandler","Frankie",1
"Chandler","Front Desk Clerk",2
"Chandler","Funny",1
"Chandler","Gail",1
"Chandler","Gang",2
"Chandler","Gary",14
"Chandler","Gary's Radio",1
"Chandler","Gavin",1
"Chandler","Gerston",1
"Chandler","Gert",1
"Chandler","Ginger",3
"Chandler","Girl",1
"Chandler","Girl's Voice",1
"Chandler","Girls",2
"Chandler","Grandma Tribbiani",2
"Chandler","Gunther",37
"Chandler","Guru Saj",1
"Chandler","Guy",5
"Chandler","Guys",5
"Chandler","Gym Employee",1
"Chandler","Handyman",1
"Chandler","Helen",2
"Chandler","Helena",3
"Chandler","Hold Voice",1
"Chandler","Hooker",2
"Chandler","Host",2
"Chandler","Hotel Clerk",1
"Chandler","Hums While He Pees",1
"Chandler","i Understand",1
"Chandler","Intercom",2
"Chandler","Interviewer",2
"Chandler","Issac",2
"Chandler","It's 6",1
"Chandler","It's 9",1
"Chandler","Jack",2
"Chandler","Jade",1
"Chandler","Jake",1
"Chandler","Janice",36
"Chandler","Janice's Voice",1
"Chandler","Janine",10
"Chandler","Jay Leno",2
"Chandler","Jeanette",1
"Chandler","Jeannie",1
"Chandler","Jennifer",1
"Chandler","Jill",9
"Chandler","Jo Lynn",1
"Chandler","Joanna",4
"Chandler","Joanne",1
"Chandler","Joey",889
"Chandler","Joey Laughs",1
"Chandler","Joey Nods",1
"Chandler","Joey on Tv",1
"Chandler","Joey's Co-Star",1
"Chandler","Joey's Doctor",1
"Chandler","Joey's Grandmom",1
"Chandler","Joey's Sister",1
"Chandler","Joey's Sisters",2
"Chandler","Joshua",3
"Chandler","Judy",2
"Chandler","Julie",11
"Chandler","Kara",3
"Chandler","Kathy",16
"Chandler","Kathy's Co-Star",1
"Chandler","Katie",1
"Chandler","Ken",2
"Chandler","Kid",3
"Chandler","Kids",2
"Chandler","Kiki",1
"Chandler","Kim",2
"Chandler","Kori",1
"Chandler","Krista",1
"Chandler","Kristen",1
"Chandler","Lady",1
"Chandler","Laura",3
"Chandler","Lauren",2
"Chandler","Leslie",2
"Chandler","Lisa",1
"Chandler","Little Bully",4
"Chandler","Little Girl",1
"Chandler","Lorraine",3
"Chandler","Lowell",1
"Chandler","Luisa",1
"Chandler","Lydia",1
"Chandler","Mac",1
"Chandler","Machine",3
"Chandler","Maitre D'",2
"Chandler","Male Guest",1
"Chandler","Male Jeweler",1
"Chandler","Male Student",1
"Chandler","Man",4
"Chandler","Man at the Wedding",1
"Chandler","Man on Tv",1
"Chandler","Margha",2
"Chandler","Marjorie",1
"Chandler","Mary-Angela",1
"Chandler","Mary-Theresa",1
"Chandler","Matire'd",1
"Chandler","Matress King",1
"Chandler","Max",3
"Chandler","Melanie",1
"Chandler","Message",1
"Chandler","Michelle",2
"Chandler","Mike",21
"Chandler","Mike's Dad",2
"Chandler","Mike's Mom",2
"Chandler","Minister",3
"Chandler","Minster",1
"Chandler","Missy",1
"Chandler","Molly",3
"Chandler","Mona",5
"Chandler","Monica",938
"Chandler","Mr a",1
"Chandler","Mr Bing",2
"Chandler","Mr Boyle",1
"Chandler","Mr Douglas",3
"Chandler","Mr Franklin",2
"Chandler","Mr Geller",30
"Chandler","Mr Green",1
"Chandler","Mr Greene",3
"Chandler","Mr Heckles",4
"Chandler","Mr Treeger",3
"Chandler","Mr Tribbiani",3
"Chandler","Mr Waltham",2
"Chandler","Mrs Bing",6
"Chandler","Mrs Geller",24
"Chandler","Mrs Green",1
"Chandler","Mrs Greene",3
"Chandler","Mrs Tedlock",1
"Chandler","Mrs Waltham",5
"Chandler","Ms Lambert",1
"Chandler","Ms Mckenna",3
"Chandler","Nina",4
"Chandler","Nurse",8
"Chandler","Others",2
"Chandler","Owen",2
"Chandler","Pa",1
"Chandler","Paolo",4
"Chandler","Parker",3
"Chandler","Patrick",1
"Chandler","Paul",5
"Chandler","Paulo",2
"Chandler","Pete",5
"Chandler","Pete's Mom",1
"Chandler","Peter",1
"Chandler","Petrie",1
"Chandler","Phil",1
"Chandler","Phoebe",684
"Chandler","Phoebe Sr.",1
"Chandler","Photographer",2
"Chandler","Pizza Guy",1
"Chandler","Professor Spafford",1
"Chandler","Racel",1
"Chandler","Rachel",669
"Chandler","Rahcel",1
"Chandler","Realtor",2
"Chandler","Receptionist",4
"Chandler","Richard",10
"Chandler","Richard's Date",1
"Chandler","Rob",3
"Chandler","Robert",4
"Chandler","Robin Williams",1
"Chandler","Roger",2
"Chandler","Ronni",3
"Chandler","Ross",723
"Chandler","Roy",1
"Chandler","Russ",4
"Chandler","Sandy",1
"Chandler","Santos",1
"Chandler","Sarah",2
"Chandler","Scott",1
"Chandler","Sebastian",1
"Chandler","Second Girl",1
"Chandler","Second Message",1
"Chandler","Security Guard",2
"Chandler","Shelley",2
"Chandler","Sherman Whitfield",1
"Chandler","Singer",2
"Chandler","Sister 1",1
"Chandler","Sleep Clinic Worker",1
"Chandler","Soothing Male Voice",1
"Chandler","Sophie",2
"Chandler","Stephanie",1
"Chandler","Steve",3
"Chandler","Stevens",2
"Chandler","Stripper",1
"Chandler","Susan",10
"Chandler","Susie",3
"Chandler","Tag",8
"Chandler","Teacher",2
"Chandler","Terry",1
"Chandler","The Chorus Line",1
"Chandler","The Cigarette Guy",1
"Chandler","The Colonel",1
"Chandler","The Croupier",1
"Chandler","The Director",2
"Chandler","The Doctor",2
"Chandler","The Girls",5
"Chandler","The Guys",9
"Chandler","The Interviewer",7
"Chandler","The Knocker",1
"Chandler","The Man",1
"Chandler","The Museum Official",2
"Chandler","The Paramedic",1
"Chandler","The Photographer",1
"Chandler","The Rabbi",1
"Chandler","The Salesman",1
"Chandler","The Stripper",2
"Chandler","The Vampire",1
"Chandler","The Waitress",1
"Chandler","The Woman",2
"Chandler","Ticket Agent",1
"Chandler","Tilly",1
"Chandler","Tim",1
"Chandler","Tom",1
"Chandler","Tommy",2
"Chandler","Tony",1
"Chandler","Trainer",1
"Chandler","Tv",1
"Chandler","Tv Announcer",2
"Chandler","Tv Doctor",1
"Chandler","Uncle Dan",1
"Chandler","Ursula",4
"Chandler","Van Damme",1
"Chandler","Vince",1
"Chandler","Voice",2
"Chandler","Waiter",4
"Chandler","Waiter in Drag",1
"Chandler","Waitress",3
"Chandler","Walker",1
"Chandler","Wayne",1
"Chandler","Whitfield",1
"Chandler","will",2
"Chandler","Witch",1
"Chandler","Woman",20
"Chandler","Woman at Door",1
"Chandler","Woman No. 1",1
"Chandler","Woman No. 2",1
"Chandler","Woman on Tv",1
"Chandler","Woman's Voice",1
"Chandler","Zack",4
"Chandlers","Ross",1
"Charity Guy","Mike",3
"Charity Guy","Phoebe",3
"Charlie","David",1
"Charlie","Gunther",1
"Charlie","Homo Ergaster",1
"Charlie","Joey",18
"Charlie","Man with a Bow Tie",1
"Charlie","Matthew Ashford",1
"Charlie","Mike",2
"Charlie","Monica",8
"Charlie","Mr Oberblau",1
"Charlie","Paleontologist",1
"Charlie","Phoebe",10
"Charlie","Professor Spafford",2
"Charlie","Professore Clerk",1
"Charlie","Rache",1
"Charlie","Rachel",18
"Charlie","Ross",27
"Charlie","Sarah",1
"Charlie","Shop Assistant",1
"Charlie","Woman",2
"Charlie","Zack",1
"Charlton Heston","Joey",1
"Chase Lassiter","Director",1
"Chase Lassiter","Joey",1
"Chase Lassiter","Rachel",1
"Cheryl","Monica",2
"Cheryl","Phoebe",1
"Cheryl","Rachel",1
"Cheryl","Ross",3
"Chip","Joey",1
"Chip","Monica",5
"Chip","Mr Geller",1
"Chip","Mrs Geller",1
"Chip","Phoebe",1
"Chip","Rachel",3
"Chip","Ross",2
"Chip","Roy",1
"Chloe","Issac",3
"Chloe","Joey",1
"Chloe","Mark",1
"Chloe","Rachel",3
"Chloe","Ross",6
"Claudia","Ken",2
"Claudia","Others",1
"Clerk","Monica",1
"Clerk","Phoebe",1
"Clerk","Richard",1
"Cliff","Joey",2
"Cliff","Man",1
"Cliff","Phoebe",2
"Clown","Cowgirl",1
"Clown","Eric",1
"Clown","Girl",1
"Clown","Joey",1
"Clown","Kids",1
"Clown","Mona",1
"Clown","Monica",1
"Clown","Phoebe",1
"Clown","Rachel",1
"Clown","Ross",1
"Clown","Ursula",1
"Clown","Witch",1
"Colleen","Monica",2
"Colleen","Owen",2
"Coma Guy","Monica",1
"Coma Guy","Phoebe",1
"Cookie","Gunther",1
"Cookie","Joey",2
"Cookie","Joey's Grandmom",1
"Cookie","Joey's Sister",1
"Cookie","Joey's Sisters",1
"Cookie","Mary-Angela",1
"Cookie","Mary-Theresa",1
"Cookie","Monica",1
"Cookie","Phoebe",1
"Cookie","Rachel",1
"Cookie","Ross",1
"Cookie","Sister 1",1
"Cop","Gary",1
"Cop","Guy",1
"Cop","Joey",1
"Cop","Monica",1
"Cop","Phoebe",2
"Cop","Rachel",1
"Cop","Voice",1
"Cowgirl","Eric",1
"Cowgirl","Girl",1
"Cowgirl","Joey",1
"Cowgirl","Kids",1
"Cowgirl","Mona",1
"Cowgirl","Monica",1
"Cowgirl","Phoebe",1
"Cowgirl","Rachel",1
"Cowgirl","Ross",1
"Cowgirl","Ursula",1
"Cowgirl","Witch",1
"Croupler","Monica",1
"Customer","Gunther",2
"Customer","Hombre Man",1
"Customer","Jill",1
"Customer","Joey",5
"Customer","Monica",3
"Customer","Phoebe",4
"Customer","Rachel",4
"Customer","Ross",4
"Customer","Store Guy",1
"Customer","Woman",1
"Customers","Gunther",1
"Customers","Joey",1
"Customers","Patron",1
"Cut to","Joey",1
"Cut to","Monica",1
"Cynthia","Joey",1
"Cynthia","Rachel",1
"Dan","Dr Harad",2
"Dan","Frank",2
"Dan","Joey",1
"Dan","Joey's Doctor",1
"Dan","Monica",3
"Dan","Nurse",1
"Dan","Phoebe",2
"Dan","Rachel",2
"Dan","Ross",1
"Danielle","Joey",1
"Danielle","Monica",1
"Danielle","Phoebe",1
"Danielle","Rachel",1
"Danielle","Ross",1
"Danny","Danny's Sister",1
"Danny","Joey",3
"Danny","Krista",3
"Danny","Monica",7
"Danny","Phoebe",2
"Danny","Rachel",10
"Danny","Tom",1
"Danny's Sister","Krista",1
"Danny's Sister","Rachel",1
"Dave","Joey",1
"Dave","Monica",1
"Dave","Rachel",1
"Dave","Ross",1
"David","Dick Clark",1
"David","Janice",1
"David","Joey",4
"David","Max",3
"David","Mike",1
"David","Monica",7
"David","Phoebe",11
"David","Rachel",4
"David","Ross",2
"David","Sandy",1
"David","Zack",1
"Delivery Girl","Ross",1
"Delivery Guy","Dr Burke",1
"Delivery Guy","Joey",1
"Delivery Guy","Monica",1
"Dennis Phillips","Fat Girl",1
"Dennis Phillips","Funny",1
"Dennis Phillips","Gert",1
"Dennis Phillips","Joey",2
"Dennis Phillips","Little Girl",1
"Dennis Phillips","Mona",2
"Dennis Phillips","Monica",2
"Dennis Phillips","Mr Geller",1
"Dennis Phillips","Mrs Bing",1
"Dennis Phillips","Phoebe",2
"Dennis Phillips","Rachel",2
"Dennis Phillips","Ross",2
"Dennis Phillips","Second Girl",1
"Dennis Phillips","Waiter",1
"Dennis Phillips","Woman",1
"Devon","Emily",1
"Devon","Liam",1
"Devon","Ross",1
"Dick Clark","Janice",1
"Dick Clark","Joey",1
"Dick Clark","Max",1
"Dick Clark","Monica",1
"Dick Clark","Phoebe",1
"Dick Clark","Rachel",1
"Dick Clark","Ross",1
"Dick Clark","Sandy",1
"Dina","Fredrick",1
"Dina","Jessica Lockhart",2
"Dina","Joey",7
"Dina","Rachel",4
"Dina","The Director",2
"Dina","The Writer",1
"Director","Dr Drake Ramoray",1
"Director","Extra",1
"Director","Girl",1
"Director","Janine",1
"Director","Joey",16
"Director","Joey's Co-Star",1
"Director","Joey's Head",1
"Director","Kash",1
"Director","Man",1
"Director","Monica",3
"Director","Phoebe",5
"Director","Rachel",2
"Director","Ross",4
"Director","Van Damme",1
"Dirk","Joey",1
"Dirk","Monica",1
"Dirk","Rachel",1
"Dirk","Ross",1
"Doctor","Dr Long",1
"Doctor","Dr Timothy Burke",1
"Doctor","Erica",2
"Doctor","Joey",2
"Doctor","Kid",1
"Doctor","Monica",4
"Doctor","Nurse",2
"Doctor","Phoebe",1
"Doctor","Rachel",4
"Doctor","Ross",3
"Doctor","Stephanie",1
"Doctor","Terry",1
"Doctor","Woman Giving Birth",1
"Doctor Connelly","Monica",1
"Don","Monica",2
"Don","Phoebe",2
"Donny","Donny Osmond",1
"Donny","Gene",3
"Donny","Henrietta",1
"Donny","Joey",4
"Donny","Stage Manager",1
"Donny","Voice",1
"Donny Osmond","Gene",1
"Donny Osmond","Joey",1
"Donny Osmond","Voice",1
"Doug","Kara",3
"Doug","Monica",4
"Doug","Phil",1
"Doug","Stevens",2
"Dr Baldhara","Joey",1
"Dr Baldhara","Ross",1
"Dr Biely","Dr Li",1
"Dr Biely","Ross",1
"Dr Burke","Monica",4
"Dr Burke","Phoebe",2
"Dr Drake Ramoray","Joey",1
"Dr Drake Ramoray","Joey's Co-Star",1
"Dr Drake Ramoray","Kash",1
"Dr Drake Ramoray","Rachel",1
"Dr Drake Remoray","Dr Wesley",1
"Dr Drake Remoray","Hope",1
"Dr Drake Remoray","Nurse",1
"Dr Drake Remoray","Rachel",1
"Dr Franzblau","Joey",1
"Dr Franzblau","Monica",1
"Dr Franzblau","Nurse",2
"Dr Franzblau","Phoebe",1
"Dr Franzblau","Rachel",4
"Dr Franzblau","Ross",2
"Dr Franzblau","Susan",2
"Dr Gettleman","Rachel",1
"Dr Gettleman","Receptionist",1
"Dr Gettleman","Ross",1
"Dr Green","Joey",2
"Dr Green","Mona",3
"Dr Green","Nurse",1
"Dr Green","Phoebe",3
"Dr Green","Rachel",7
"Dr Green","Ross",7
"Dr Green","Waiter",1
"Dr Harad","Frank",4
"Dr Harad","Joey",3
"Dr Harad","Joey's Doctor",1
"Dr Harad","Monica",3
"Dr Harad","Nurse",1
"Dr Harad","Phoebe",5
"Dr Harad","Rachel",4
"Dr Harad","Ross",3
"Dr Horton","Dr Remore",1
"Dr Horton","Intercom",1
"Dr Horton","Monica",1
"Dr Horton","Phoebe",1
"Dr Horton","Rachel",1
"Dr Horton","Ross",1
"Dr Johnson","Dr Rhodes",1
"Dr Johnson","Ross",1
"Dr Ledbetter","Ross",1
"Dr Leedbetter","Joey",1
"Dr Leedbetter","Monica",1
"Dr Leedbetter","Phoebe",1
"Dr Leedbetter","Rachel",1
"Dr Leedbetter","Ross",2
"Dr Li","Ross",1
"Dr Long","Joey",1
"Dr Long","Julie",1
"Dr Long","Man",1
"Dr Long","Marc",1
"Dr Long","Nurse",1
"Dr Long","Rachel",8
"Dr Long","Ross",8
"Dr Long","Woman",1
"Dr Long","Woman Giving Birth",1
"Dr Miller","Monica",1
"Dr Miller","Rachel",1
"Dr Miller","The Doctor",1
"Dr Mitchell","Dr Rosen",1
"Dr Mitchell","Monica",1
"Dr Mitchell","Rachel",1
"Dr Oberman","Frank",1
"Dr Oberman","Phoebe",1
"Dr Oberman","Ross",2
"Dr Oberman","Susan",1
"Dr Remore","Intercom",1
"Dr Remore","Joey",1
"Dr Remore","Monica",2
"Dr Remore","Phoebe",1
"Dr Remore","Rachel",2
"Dr Remore","Ross",2
"Dr Rhodes","Ross",2
"Dr Roger","Monica",1
"Dr Rosen","Monica",1
"Dr Rosen","Rachel",1
"Dr Schiff","Nurse",1
"Dr Schiff","Rachel",1
"Dr Stryker Remoray","Joey",1
"Dr Stryker Remoray","Nurse #1",1
"Dr Stryker Remoray","Nurse #2",1
"Dr Stryker Remoray","Terry",1
"Dr Stryker Remoray","The Director",1
"Dr Timothy Burke","Monica",1
"Dr Timothy Burke","Nurse",1
"Dr Timothy Burke","Rachel",1
"Dr Wesley","Hope",1
"Dr Wesley","Nurse",1
"Dr Wesley","Rachel",1
"Dr Zane","Frank",1
"Dr Zane","Phoebe",2
"Drew","Mike",1
"Drunk Man","Monica",1
"Drunk Man","Mr Geller",1
"Drunk Man","Ross",1
"Drunken Gambler","Monica",2
"Drunken Gambler","The Croupier",1
"Duncan","Phoebe",3
"Earl","Guy",1
"Earl","Marge",1
"Earl","Phoebe",4
"Earl","Supervisor",1
"Earl","The ""Hey Guy"" Guy",1
"Eddie","Joey",3
"Eddie","Monica",1
"Eddie","Phoebe",2
"Eddie","Rachel",1
"Eddie","Tilly",1
"Eldad","Monica",1
"Eldad","Patrick",1
"Eldad","Phoebe",1
"Eldad","Rachel",1
"Elizabeth","First Dorm Guy",1
"Elizabeth","Guy",1
"Elizabeth","Joey",1
"Elizabeth","Lydia",1
"Elizabeth","Mel",1
"Elizabeth","Monica",2
"Elizabeth","Paul",7
"Elizabeth","Phoebe",2
"Elizabeth","Professor Feesen",1
"Elizabeth","Rachel",8
"Elizabeth","Ross",19
"Elizabeth","Sarah",1
"Elizabeth","Second Dorm Guy",1
"Elizabeth","The Girls",1
"Elizabeth","Zoe",1
"Emeril","Monica",1
"Emil Alexander","Joey",1
"Emil Alexander","Mr Bowmont",1
"Emil Alexander","Phoebe",1
"Emil Alexander","Rachel",1
"Emily","Felicity",1
"Emily","Gunther",1
"Emily","Joey",15
"Emily","Joshua",2
"Emily","Liam",2
"Emily","Minister",2
"Emily","Minster",1
"Emily","Monica",16
"Emily","Mr Geller",3
"Emily","Mr Waltham",3
"Emily","Mrs Geller",4
"Emily","Mrs Waltham",3
"Emily","Phoebe",13
"Emily","Rachel",12
"Emily","Ross",29
"Emily","Susan",2
"Emily","Ticket Agent",1
"Emily","Woman",1
"Emma","Joey",1
"Emma","Monica",1
"Emma","Phoebe",1
"Emma","Rachel",1
"Emma","Ross",1
"Employee","Monica",1
"Employee","Pete",1
"Employee","Secretary",1
"Eric","Girl",1
"Eric","Joey",2
"Eric","Kids",1
"Eric","Mona",2
"Eric","Monica",3
"Eric","Mr Heckles",1
"Eric","Phoebe",7
"Eric","Rachel",3
"Eric","Ross",4
"Eric","Ursula",2
"Eric","Witch",1
"Erica","Joey",6
"Erica","Joey on Tv",1
"Erica","Monica",14
"Erica","Nurse",2
"Erica","Phoebe",2
"Erica","Rachel",2
"Erica","Ross",3
"Erica","Tv Doctor",1
"Erica","Waiter",1
"Erin","Joey",5
"Erin","Joey's Date",1
"Erin","Man",1
"Erin","Phoebe",3
"Erin","Rachel",4
"Erin","Ray",1
"Erin","Ross",1
"Ernie","Phoebe",1
"Estelle","Jack",1
"Estelle","Joey",8
"Estelle","Judy",1
"Estelle","Lauren",1
"Estelle","Monica",5
"Estelle","Pete",1
"Estelle","Phoebe",4
"Estelle","Rachel",3
"Estelle","Ross",2
"Estelle","The Director",1
"Estl","Joey",1
"Evil Bitch","Rachel",1
"Evil Bitch","Ross",1
"Evil Bitch","Sick Bastard",1
"Extra","Joey",1
"Extra","Man",1
"Extra","Phoebe",1
"Fake Monica","Monica",3
"Fake Monica","Phoebe",1
"Fake Monica","Rachel",2
"Fake Monica","Teacher",1
"Fake Monica","Woman",1
"Fat Girl","Gert",1
"Fat Girl","Joey",1
"Fat Girl","Little Girl",1
"Fat Girl","Mona",1
"Fat Girl","Monica",1
"Fat Girl","Mr Geller",1
"Fat Girl","Phoebe",1
"Fat Girl","Rachel",1
"Fat Girl","Ross",1
"Fat Girl","Second Girl",1
"Fat Monica","Joey",1
"Fat Monica","Monica",2
"Fat Monica","Mr Geller",1
"Fat Monica","Mrs Geller",1
"Fat Monica","Phoebe",1
"Fat Monica","Rachel",1
"Fat Monica","Ross",2
"Fbob","Gang",1
"Fbob","Joey",3
"Fbob","Monica",5
"Fbob","Phoebe",4
"Fbob","Rachel",4
"Fbob","Ross",3
"Fbob","Russ",2
"Fbob","Waiter",1
"Felicity","Joey",2
"Felicity","Mr Geller",1
"Felicity","Mr Waltham",1
"Felicity","Mrs Geller",1
"Felicity","Mrs Waltham",1
"Felicity","Phoebe",1
"Felicity","Rachel",1
"Felicity","Ross",1
"Female Clerk","Joey",1
"Female Jeweler","Male Jeweler",1
"Female Jeweler","Phoebe",1
"Female Student","Male Student",1
"Female Student","Ross",1
"Fergie","Joey",1
"Fergie","Monica",1
"Fergie","Ross",1
"Fireman","Phoebe",1
"Fireman","Vince",1
"Fireman #1","Joey",1
"Fireman #1","Monica",1
"Fireman #1","Phoebe",1
"Fireman #1","Rachel",1
"Fireman #2","Phoebe",1
"Fireman #2","Rachel",1
"Fireman No. 1","Fireman No. 2",2
"Fireman No. 1","Fireman No. 3",2
"Fireman No. 1","Monica",1
"Fireman No. 1","Rachel",1
"Fireman No. 2","Fireman No. 3",2
"Fireman No. 2","Monica",1
"Fireman No. 2","Rachel",1
"Fireman No. 3","Monica",2
"Fireman No. 3","Phoebe",1
"Fireman No. 3","Rachel",2
"First Dorm Guy","Ross",1
"First Dorm Guy","Sarah",1
"First Dorm Guy","Second Dorm Guy",1
"First Dorm Guy","The Girls",1
"First Dorm Guy","Zoe",1
"Fran","Jamie",1
"Fran","Phoebe",1
"Fran","Rachel",1
"Frank","Girl",1
"Frank","Jasmine",1
"Frank","Joey",7
"Frank","Joey's Doctor",1
"Frank","Monica",7
"Frank","Mr Buffay",1
"Frank","Nurse",1
"Frank","Phoebe",19
"Frank","Phoebe Sr",1
"Frank","Rachel",8
"Frank","Ross",8
"Frank Jr.","Monica",1
"Frank Jr.","Phoebe",3
"Frank Sr.","Joey",1
"Frank Sr.","Man",1
"Frank Sr.","Monica",1
"Frank Sr.","Phoebe",2
"Frank Sr.","Rachel",1
"Frank Sr.","Ross",1
"Frannie","Monica",2
"Frannie","Ross",1
"Frannie","The Woman",1
"Fredrick","Jessica Lockhart",1
"Fredrick","Joey",1
"Fredrick","The Director",1
"Front Desk Clerk","Joey",1
"Front Desk Clerk","Man",1
"Front Desk Clerk","Monica",2
"Front Desk Clerk","Phoebe",1
"Front Desk Clerk","Rachel",1
"Front Desk Clerk","Woman",1
"Funny","Joey",1
"Funny","Mona",1
"Funny","Monica",1
"Funny","Mrs Bing",1
"Funny","Phoebe",1
"Funny","Rachel",1
"Funny","Ross",1
"Funny","Waiter",1
"Funny","Woman",1
"Gail","Phoebe",1
"Gang","Gunther",1
"Gang","Joey",2
"Gang","Monica",2
"Gang","Phoebe",2
"Gang","Rachel",2
"Gang","Ross",2
"Gary","Gary's Radio",1
"Gary","Joey",7
"Gary","Monica",8
"Gary","Phoebe",11
"Gary","Rachel",2
"Gary","Ross",6
"Gary","The Knocker",1
"Gary","Voice",1
"Gary Collins","Joey",2
"Gary Collins","Pbs Volunteer",1
"Gary Collins","Phoebe",2
"Gary Collins","Stage Director",1
"Gary's Radio","Monica",1
"Gary's Radio","Phoebe",1
"Gate Agent","Rachel",1
"Gate Agent","Ross",1
"Gavin","Guy",1
"Gavin","Heather",1
"Gavin","Molly",1
"Gavin","Monica",2
"Gavin","Mr Zelner",2
"Gavin","Phoebe",1
"Gavin","Rachel",8
"Gavin","Ross",2
"Gene","Joey",3
"Gene","Stage Manager",1
"Gene","Voice",1
"Gerston","Petrie",1
"Gerston","Phoebe",1
"Gerston","Santos",1
"Gert","Joey",1
"Gert","Little Girl",1
"Gert","Mona",1
"Gert","Monica",1
"Gert","Mr Geller",1
"Gert","Phoebe",1
"Gert","Rachel",1
"Gert","Ross",1
"Gert","Second Girl",1
"Ginger","Gunther",1
"Ginger","Joey",1
"Ginger","Phoebe",1
"Ginger","Woman",1
"Girl","Janine",1
"Girl","Jasmine",1
"Girl","Joey",4
"Girl","Kids",1
"Girl","Leader",1
"Girl","Mackenzie",1
"Girl","Mona",1
"Girl","Monica",2
"Girl","Nurse",1
"Girl","Phoebe",2
"Girl","Rachel",1
"Girl","Receptionist",1
"Girl","Ross",5
"Girl","Ursula",1
"Girl","Witch",1
"Girl","Woman",1
"Girl's Voice","Gunther",1
"Girl's Voice","Guy",1
"Girl's Voice","Joey",1
"Girl's Voice","Monica",1
"Girl's Voice","Mr Greene",1
"Girl's Voice","Mrs Geller",1
"Girl's Voice","Mrs Greene",1
"Girl's Voice","Phoebe",1
"Girl's Voice","Rachel",1
"Girl's Voice","Ross",1
"Girls","Guys",1
"Girls","Joey",2
"Girls","Monica",2
"Girls","Paolo",1
"Girls","Phoebe",2
"Girls","Rachel",2
"Girls","Ross",2
"Grandma Tribbiani","Joey",2
"Grandma Tribbiani","Monica",1
"Grandma Tribbiani","Phoebe",2
"Grandma Tribbiani","Rachel",2
"Grandma Tribbiani","Ross",2
"Grandmom","Phoebe",2
"Guest #1","Party Guests",1
"Guest #1","Phoebe",1
"Guest #1","Ross",1
"Guest #1","Steve",1
"Guest #2","Guest #3",1
"Guest #2","Phoebe",1
"Guest #2","Ross",1
"Guest #2","Steve",1
"Guest #3","Phoebe",1
"Guest #3","Ross",1
"Guest #3","Steve",1
"Gunther","Guy",1
"Gunther","Hayley",1
"Gunther","Host",1
"Gunther","Janice",2
"Gunther","Jill",1
"Gunther","Joey",47
"Gunther","Joey's Sisters",1
"Gunther","Joshua",2
"Gunther","Kathy",2
"Gunther","Kid",1
"Gunther","Larry",1
"Gunther","Lauren",1
"Gunther","Little Bully",1
"Gunther","Mark",1
"Gunther","Melissa",1
"Gunther","Mike",1
"Gunther","Monica",28
"Gunther","Mr Geller",1
"Gunther","Mr Greene",1
"Gunther","Mrs Geller",2
"Gunther","Mrs Greene",1
"Gunther","Patron",1
"Gunther","Phoebe",31
"Gunther","Professor Spafford",1
"Gunther","Rachel",34
"Gunther","Robert",1
"Gunther","Ross",43
"Gunther","Sister 1",1
"Gunther","The Fan",1
"Gunther","The Interviewer",2
"Gunther","The Stripper",1
"Gunther","Tommy",1
"Gunther","Woman",3
"Guru Saj","Joey",1
"Guru Saj","Ross",1
"Guy","Helena",1
"Guy","Hombre Man",1
"Guy","Jim",1
"Guy","Joey",8
"Guy","Lydia",1
"Guy","Mich",1
"Guy","Monica",10
"Guy","Mr Greene",1
"Guy","Mrs Geller",1
"Guy","Mrs Greene",1
"Guy","Phoebe",16
"Guy","Rachel",10
"Guy","Ross",10
"Guy","Steve",1
"Guy","Supervisor",1
"Guy","The ""Hey Guy"" Guy",1
"Guy","Tim",1
"Guy","Tom",1
"Guy","Waiter",1
"Guy","Woman",1
"Guy #1","Joey",1
"Guy #1","Woman",1
"Guy #2","Joey",1
"Guy #2","The Porsche Owner",1
"Guys","Joanne",1
"Guys","Joey",5
"Guys","Kiki",1
"Guys","Leslie",1
"Guys","Monica",5
"Guys","Mr Greene",1
"Guys","Mrs Greene",1
"Guys","Phoebe",5
"Guys","Rachel",5
"Guys","Ross",5
"Gym Employee","Ross",1
"Gym Employee","Woman",1
"Handyman","Monica",1
"Handyman","Rachel",1
"Hayley","Hayley's Roommate",1
"Hayley","Joey",3
"Hayley","Monica",1
"Hayley's Roommate","Joey",1
"Health Inspector","Larry",1
"Health Inspector","Monica",1
"Health Inspector","Phoebe",1
"Heather","Rachel",1
"Helen","Nina",2
"Helen","Ross",1
"Helen","Susan",1
"Helen","Teacher",1
"Helen","Woman",1
"Helena","Monica",3
"Helena","The Chorus Line",1
"Helena","Waiter in Drag",1
"Henrietta","Joey",1
"Hilda","Man",1
"Hilda","Rachel",1
"Hilda","Tag",1
"Hillary","Ross",2
"Hitchhiker","Joey",3
"Hitchhiker","Phoebe",3
"Hold Voice","Joey",1
"Hold Voice","Monica",3
"Hold Voice","Phoebe",3
"Hold Voice","Rachel",1
"Hombre Man","Joey",3
"Hombre Man","Store Guy",1
"Homo Ergaster","Rachel",1
"Homo Ergaster","Ross",1
"Hooker","Joey",2
"Hooker","Monica",1
"Hope","Nurse",1
"Hope","Rachel",1
"Hoshi","Monica",1
"Hoshi","Pete",1
"Host","Joey",2
"Host","Lauren",1
"Host","Mike",2
"Host","Monica",1
"Host","Phoebe",3
"Host","Rachel",3
"Host","Ross",2
"Host","The Interviewer",1
"Hotel Clerk","Monica",1
"Housekeeper","Phoebe",1
"Hums While He Pees","Monica",1
"Hums While He Pees","Phoebe",1
"Hums While He Pees","Ross",1
"Hypnosis Tape","Joey",2
"i Understand","Joey",1
"i Understand","Mona",1
"i Understand","Monica",1
"i Understand","Ross",1
"Intercom","Joey",1
"Intercom","Luisa",1
"Intercom","Monica",3
"Intercom","Mr Heckles",1
"Intercom","Phoebe",2
"Intercom","Rachel",3
"Intercom","Ross",2
"Intercom","Woman No. 1",1
"Intercom","Woman No. 2",1
"Interviewer","Monica",2
"Interviewer","Phoebe",1
"Isabella","Monica",1
"Isabella","Rachel",1
"Isabella","Ross",1
"Issac","Joey",1
"Issac","Ross",2
"It's 6","Joey",1
"It's 6","Rachel",1
"It's 6","Ross",1
"It's 9","Joey",1
"It's 9","Monica",1
"It's 9","Phoebe",1
"It's 9","Rachel",1
"Jack","Joey",2
"Jack","Judy",2
"Jack","Monica",2
"Jack","Phoebe",3
"Jack","Rachel",2
"Jack","Ross",2
"Jack","Woman",1
"Jade","Joey",1
"Jade","Machine",1
"Jade","Monica",1
"Jade","Phoebe",1
"Jade","Rachel",1
"Jade","Ross",1
"Jade","Steve",1
"Jade","Waiter",1
"Jade","Waitress",1
"Jake","Joey",1
"Jake","Man",1
"Jake","Monica",1
"Jake","Phoebe",2
"Jamie","Phoebe",1
"Jamie","Rachel",1
"Jane","Joey",1
"Jane","Message",1
"Jane","Rachel",1
"Janice","Jester",1
"Janice","Joey",19
"Janice","Lady",1
"Janice","Lorraine",3
"Janice","Man",1
"Janice","Matress King",1
"Janice","Max",1
"Janice","Monica",16
"Janice","Mr Boyle",1
"Janice","Mr Heckles",1
"Janice","Mr Treeger",1
"Janice","Nurse",1
"Janice","Phoebe",15
"Janice","Rachel",13
"Janice","Realtor",1
"Janice","Ross",13
"Janice","Sandy",1
"Janice","Sid",1
"Janice","The Colonel",1
"Janice","The Waitress",1
"Janice's Voice","Monica",1
"Janine","Jill",1
"Janine","Joey",14
"Janine","Monica",8
"Janine","Phoebe",2
"Janine","Rachel",5
"Janine","Ross",7
"Janine","The Interviewer",1
"Janine","Woman",1
"Janitor","Phoebe",1
"Janitor","Ross",3
"Janitor","Susan",1
"Jasmine","Phoebe",1
"Jasmine","Ross",1
"Jason","Phoebe",3
"Jason","Vince",1
"Jay Leno","Joey",2
"Jay Leno","Monica",2
"Jay Leno","Mrs Bing",1
"Jay Leno","Paolo",1
"Jay Leno","Phoebe",2
"Jay Leno","Rachel",2
"Jay Leno","Ross",2
"Jeanette","Zack",1
"Jeannie","Joey",1
"Jeannie","Mr Douglas",1
"Jeannine","Julio",1
"Jeannine","Monica",1
"Jen","Joey",1
"Jen","Ross",2
"Jen","The Hot Girl",1
"Jen","The Man",1
"Jennifer","Joey",1
"Jennifer","Monica",1
"Jennifer","Phoebe",1
"Jennifer","Rachel",1
"Jennifer","Ross",1
"Jessica Ashley","Joey",1
"Jessica Ashley","Rachel",1
"Jessica Lockhart","Joey",2
"Jessica Lockhart","The Director",2
"Jester","Joey",1
"Jester","Monica",1
"Jill","Joey",4
"Jill","Monica",3
"Jill","Phoebe",2
"Jill","Rachel",9
"Jill","Ross",7
"Jill","The Interviewer",1
"Jill","Woman",3
"Jim","Phoebe",2
"Jo Lynn","Joey",1
"Jo Lynn","Monica",1
"Joanna","Mr Posner",1
"Joanna","Mrs Lynch",1
"Joanna","Rachel",10
"Joanna","Sophie",5
"Joanne","Joey",1
"Joanne","Kiki",2
"Joanne","Leslie",2
"Joanne","Monica",1
"Joanne","Phoebe",1
"Joanne","Rachel",2
"Joanne","Ross",1
"Joey","Joey Laughs",1
"Joey","Joey Nods",1
"Joey","Joey on Tv",1
"Joey","Joey's Co-Star",2
"Joey","Joey's Date",2
"Joey","Joey's Doctor",3
"Joey","Joey's Grandmom",1
"Joey","Joey's Hand Twin",2
"Joey","Joey's Head",1
"Joey","Joey's Sister",1
"Joey","Joey's Sisters",2
"Joey","Joshua",3
"Joey","Judy",2
"Joey","Julie",8
"Joey","Kash",2
"Joey","Kate",9
"Joey","Kathy",9
"Joey","Katie",3
"Joey","Kid",4
"Joey","Kids",1
"Joey","Kiki",1
"Joey","Kitchen Worker",1
"Joey","Krista",1
"Joey","Kristen",2
"Joey","Kyle",1
"Joey","Kyle Lowder",1
"Joey","Laura",3
"Joey","Lauren",7
"Joey","Leslie",2
"Joey","Liam",1
"Joey","Little Girl",1
"Joey","Lorraine",3
"Joey","Luisa",1
"Joey","Lydia",3
"Joey","Mac",1
"Joey","Machine",3
"Joey","Mackenzie",2
"Joey","Maitre D'",2
"Joey","Man",8
"Joey","Man with a Bow Tie",1
"Joey","Margha",2
"Joey","Marjorie",1
"Joey","Mary Ellen",2
"Joey","Mary-Angela",1
"Joey","Mary-Theresa",1
"Joey","Matress King",1
"Joey","Max",3
"Joey","Melanie",2
"Joey","Melissa",1
"Joey","Message",2
"Joey","Michelle",1
"Joey","Mike",20
"Joey","Mike's Dad",2
"Joey","Mike's Mom",2
"Joey","Mindy",1
"Joey","Minister",3
"Joey","Minster",1
"Joey","Molly",4
"Joey","Mona",8
"Joey","Monica",700
"Joey","Mover",1
"Joey","Mr a",1
"Joey","Mr Bing",1
"Joey","Mr Bowmont",1
"Joey","Mr Boyle",1
"Joey","Mr Douglas",1
"Joey","Mr Geller",20
"Joey","Mr Green",1
"Joey","Mr Greene",3
"Joey","Mr Heckles",4
"Joey","Mr Thompson",3
"Joey","Mr Treeger",8
"Joey","Mr Tribbiani",5
"Joey","Mr Waltham",2
"Joey","Mr Zelner",1
"Joey","Mrs Bing",5
"Joey","Mrs Geller",21
"Joey","Mrs Green",1
"Joey","Mrs Greene",3
"Joey","Mrs Tribbiani",1
"Joey","Mrs Waltham",4
"Joey","Nurse",8
"Joey","Nurse #1",1
"Joey","Nurse #2",1
"Joey","Older Scientist",1
"Joey","Others",1
"Joey","Pa",1
"Joey","Paolo",4
"Joey","Parker",3
"Joey","Patron",1
"Joey","Paul",4
"Joey","Paulo",2
"Joey","Pbs Volunteer",1
"Joey","Pete",5
"Joey","Pete's Mom",1
"Joey","Peter",1
"Joey","Phoebe",696
"Joey","Phoebe Sr.",1
"Joey","Phoebe-Estelle",1
"Joey","Photographer",1
"Joey","Racel",1
"Joey","Rachel",712
"Joey","Rahcel",1
"Joey","Ray",1
"Joey","Raymond",1
"Joey","Realtor",1
"Joey","Receptionist",3
"Joey","Richard",11
"Joey","Rob",1
"Joey","Robert",2
"Joey","Robin Williams",1
"Joey","Roger",2
"Joey","Ronni",3
"Joey","Ross",700
"Joey","Roy",1
"Joey","Russ",1
"Joey","Salon Girl",1
"Joey","Sandy",1
"Joey","Sarah",4
"Joey","Scott",1
"Joey","Second Girl",1
"Joey","Second Message",1
"Joey","Security Guard",1
"Joey","Singer",2
"Joey","Sister 1",1
"Joey","Sleep Clinic Worker",1
"Joey","Smart Kid",1
"Joey","Sonia",1
"Joey","Soothing Male Voice",1
"Joey","Stage Director",2
"Joey","Stage Manager",3
"Joey","Stanley",1
"Joey","Stephanie",1
"Joey","Steve",5
"Joey","Store Guy",1
"Joey","Stripper",1
"Joey","Student",2
"Joey","Susan",7
"Joey","Susie",2
"Joey","Tag",9
"Joey","Tape",1
"Joey","Teacher",1
"Joey","Terry",3
"Joey","The A.d",1
"Joey","The Acting Teacher",1
"Joey","The Cooking Teacher",3
"Joey","The Director",17
"Joey","The Doctor",2
"Joey","The Dr Cleaner",3
"Joey","The Fan",1
"Joey","The Food Critic",1
"Joey","The Girls",5
"Joey","The Grip",1
"Joey","The Guys",9
"Joey","The Husband",1
"Joey","The Interviewer",7
"Joey","The Little Girl",1
"Joey","The Man",1
"Joey","The Old Man",1
"Joey","The Pastor",1
"Joey","The Porsche Owner",1
"Joey","The Presenter",1
"Joey","The Producer",1
"Joey","The Rabbi",1
"Joey","The Salesman",3
"Joey","The Security Guard",1
"Joey","The Singing Man",2
"Joey","The Stripper",2
"Joey","The Vampire",1
"Joey","The Waiter",3
"Joey","The Woman",1
"Joey","The Woman Dealer",1
"Joey","The Writer",1
"Joey","Tim",1
"Joey","Tony",1
"Joey","Tour Guide",2
"Joey","Trainer",1
"Joey","Tv",1
"Joey","Tv Announcer",2
"Joey","Tv Doctor",1
"Joey","Uncle Dan",1
"Joey","Ursula",3
"Joey","Van Damme",2
"Joey","Vince",1
"Joey","Voice",3
"Joey","Waiter",13
"Joey","Waiters",1
"Joey","Waitress",4
"Joey","Wayne",3
"Joey","We Have 8",1
"Joey","will",2
"Joey","Witch",1
"Joey","Woman",21
"Joey","Woman at Door",1
"Joey","Woman No. 1",1
"Joey","Woman No. 2",1
"Joey","Woman's Voice",1
"Joey","Young Ethan",1
"Joey Laughs","Joey Nods",1
"Joey Laughs","Monica",1
"Joey Laughs","Phoebe",1
"Joey Laughs","Rachel",1
"Joey Laughs","Ross",1
"Joey Laughs","Tv Announcer",1
"Joey Laughs","Woman at Door",1
"Joey Nods","Monica",1
"Joey Nods","Phoebe",1
"Joey Nods","Rachel",1
"Joey Nods","Ross",1
"Joey Nods","Tv Announcer",1
"Joey Nods","Woman at Door",1
"Joey on Tv","Monica",1
"Joey on Tv","Rachel",1
"Joey on Tv","Ross",1
"Joey on Tv","Tv Doctor",1
"Joey's Co-Star","Kash",1
"Joey's Co-Star","Rachel",1
"Joey's Date","Rachel",1
"Joey's Doctor","Monica",2
"Joey's Doctor","Phoebe",1
"Joey's Doctor","Rachel",1
"Joey's Doctor","Ross",2
"Joey's Grandmom","Joey's Sister",1
"Joey's Grandmom","Mary-Angela",1
"Joey's Grandmom","Mary-Theresa",1
"Joey's Hand Twin","Phoebe",1
"Joey's Hand Twin","The Security Guard",1
"Joey's Head","Monica",1
"Joey's Head","Ross",1
"Joey's Sister","Mary-Angela",1
"Joey's Sister","Mary-Theresa",1
"Joey's Sisters","Monica",1
"Joey's Sisters","Phoebe",1
"Joey's Sisters","Rachel",1
"Joey's Sisters","Ross",1
"Joey's Sisters","Sister 1",1
"Josh","Monica",2
"Josh","Phoebe",2
"Josh","Rachel",2
"Josh","Ross",1
"Joshua","Monica",3
"Joshua","Mr Burgin",2
"Joshua","Mr Waltham",3
"Joshua","Mrs Burgin",2
"Joshua","Phoebe",3
"Joshua","Rachel",12
"Joshua","Ross",4
"Judge","Rachel",1
"Judge","Ross",1
"Judy","Monica",2
"Judy","Phoebe",2
"Judy","Rachel",2
"Judy","Ross",2
"Julie","Man",2
"Julie","Marc",2
"Julie","Monica",8
"Julie","Mrs Geller",1
"Julie","Phoebe",8
"Julie","Rachel",18
"Julie","Rahcel",1
"Julie","Ross",15
"Julie","Russ",1
"Julie","Woman",1
"Julio","Man",1
"Julio","Monica",2
"Julio","Quartet",1
"Kara","Monica",3
"Karin","Meg",1
"Karin","Phoebe",1
"Karin","Ross",1
"Karin","Stephanie",1
"Kash","Rachel",2
"Kash","Ross",1
"Kate","Lauren",4
"Kate","Stage Manager",1
"Kate","The Director",6
"Kate","Woman",1
"Kathy","Kathy's Co-Star",1
"Kathy","Monica",7
"Kathy","Phoebe",6
"Kathy","Rachel",7
"Kathy","Ross",8
"Kathy","Tag",1
"Kathy","Tim",1
"Kathy's Co-Star","Ross",1
"Katie","Monica",1
"Katie","Phoebe",1
"Katie","Rachel",4
"Katie","Ross",3
"Ken","Others",1
"Kevin","Phoebe",1
"Kevin","Rachel",1
"Kid","Monica",2
"Kid","Phoebe",2
"Kid","Rachel",3
"Kid","Receptionist",1
"Kid","Ross",3
"Kid","Stephanie",1
"Kid","Terry",1
"Kids","Mona",1
"Kids","Monica",2
"Kids","Phoebe",2
"Kids","Rachel",2
"Kids","Rob",1
"Kids","Ross",2
"Kids","Ursula",1
"Kids","Witch",1
"Kiki","Leslie",2
"Kiki","Monica",1
"Kiki","Phoebe",1
"Kiki","Rachel",2
"Kiki","Ross",1
"Kim","Monica",1
"Kim","Nancy",4
"Kim","Phoebe",1
"Kim","Rachel",7
"Kim","Ralph Lauren",2
"Kim","Ross",1
"Kitchen Worker","Monica",1
"Kitchen Worker","The Waiter",1
"Kori","Monica",1
"Kori","Ross",1
"Kori","Tom",1
"Krista","Monica",1
"Krista","Rachel",3
"Kristen","Ross",3
"Kristen","The Woman",1
"Kristin","Ross",2
"Kristin","Susan",1
"Kyle","Phoebe",1
"Kyle","Ross",2
"Kyle","Whitney",1
"Kyle Lowder","Monica",1
"Kyle Lowder","Phoebe",1
"Lady","Monica",1
"Larry","Monica",1
"Larry","Phoebe",3
"Laura","Monica",3
"Lauren","Mike",1
"Lauren","Monica",2
"Lauren","Pete",1
"Lauren","Phoebe",1
"Lauren","Rachel",2
"Lauren","Ross",2
"Lauren","Stage Manager",2
"Lauren","The Director",3
"Lauren","The Interviewer",1
"Lauren","Woman",1
"Leader","Ross",1
"Lecturer","Rachel",1
"Lecturer","Ross",1
"Leslie","Monica",2
"Leslie","Phoebe",5
"Leslie","Rachel",2
"Leslie","Ross",1
"Leslie","Singer",1
"Lewis","Morse",1
"Lewis","Ross",2
"Liam","Phoebe",1
"Liam","Ross",2
"Lipson","Ross",1
"Lisa","Monica",1
"Lisa","Richard",1
"Little Bully","Ross",4
"Little Girl","Mona",1
"Little Girl","Monica",1
"Little Girl","Mr Geller",1
"Little Girl","Phoebe",1
"Little Girl","Rachel",1
"Little Girl","Ross",1
"Little Girl","Second Girl",1
"Lizzie","Phoebe",2
"Locksmith","Mona",1
"Locksmith","Ross",1
"Lorraine","Phoebe",1
"Lorraine","Ross",1
"Luisa","Monica",1
"Luisa","Mr Heckles",1
"Luisa","Phoebe",1
"Luisa","Rachel",1
"Luisa","Ross",1
"Luisa","Woman No. 1",1
"Luisa","Woman No. 2",1
"Lydia","Mel",1
"Lydia","Monica",1
"Lydia","Nurse",1
"Lydia","Ross",1
"Mac","Monica",1
"Mac","Phoebe",1
"Mac","Rachel",1
"Mac","Ross",1
"Machine","Michelle",1
"Machine","Monica",3
"Machine","Phoebe",3
"Machine","Rachel",3
"Machine","Richard",2
"Machine","Ross",3
"Machine","Steve",1
"Machine","The Guys",1
"Machine","Waiter",1
"Machine","Waitress",1
"Machine","Woman's Voice",1
"Maitre D'","Monica",2
"Maitre D'","Mr Campbell",1
"Maitre D'","Mr Zellner",1
"Maitre D'","Phoebe",2
"Maitre D'","Rachel",2
"Maitre D'","Ross",1
"Maitre D'","Waiter",2
"Malcom","Phoebe",2
"Male Guest","Monica",1
"Male Jeweler","Phoebe",2
"Male Student","Ross",1
"Man","Marc",1
"Man","Mark",2
"Man","Monica",5
"Man","Mr Geller",2
"Man","Mrs Geller",2
"Man","Parker",2
"Man","Phoebe",9
"Man","Quartet",2
"Man","Rachel",13
"Man","Ray",1
"Man","Ross",12
"Man","Roy",1
"Man","Sid",1
"Man","Tag",1
"Man","The Bass Barber",1
"Man","Tommy",1
"Man","Uncle Dan",1
"Man","Woman",2
"Man at the Wedding","Ross",1
"Man on Tv","Monica",1
"Man on Tv","Rachel",1
"Man on Tv","Woman on Tv",2
"Man with a Bow Tie","Mike",1
"Man with a Bow Tie","Monica",1
"Man with a Bow Tie","Rachel",1
"Man with a Bow Tie","Ross",1
"Man's Voice","Phoebe",1
"Man's Voice","Same Man's Voice",1
"Man's Voice","Ursula",1
"Manny","Mike",1
"Manny","Monica",1
"Manny","Phoebe",1
"Manny","Strange Man",1
"Marc","Mrs Geller",1
"Marc","Rachel",2
"Marc","Ross",2
"Marc","Woman",1
"Marge","Phoebe",1
"Margha","Monica",2
"Margha","Phoebe",2
"Margha","Rachel",2
"Margha","Ross",2
"Margha","The Guys",1
"Margha","Woman",1
"Marjorie","Sleep Clinic Worker",1
"Marjorie","Woman",1
"Mark","Quartet",1
"Mark","Rachel",11
"Mark","Ross",8
"Mark","The Bass Barber",1
"Mark","Woman",1
"Marsha","Ross",1
"Mary Ellen","Mike",2
"Mary Ellen","Phoebe",2
"Mary-Angela","Mary-Theresa",1
"Matire'd","Monica",1
"Matire'd","Richard",1
"Matire'd","Richard's Date",1
"Matress King","Monica",1
"Matress King","Phoebe",1
"Matress King","Ross",1
"Matthew Ashford","Monica",1
"Matthew Ashford","Phoebe",1
"Matthew Ashford","Rache",1
"Matthew Ashford","Rachel",1
"Matthew Ashford","Ross",1
"Max","Monica",3
"Max","Phoebe",4
"Max","Rachel",3
"Max","Ross",3
"Max","Sandy",1
"Meg","Phoebe",1
"Meg","Ross",1
"Meg","Stephanie",1
"Megan","Monica",2
"Megan","Phoebe",2
"Megan","Rachel",2
"Megan","The Woman",1
"Megan","Woman",1
"Mel","Ross",1
"Melanie","Monica",1
"Melanie","Phoebe",1
"Melanie","Rachel",1
"Melanie","Ross",1
"Melissa","Monica",1
"Melissa","Phoebe",3
"Melissa","Rachel",5
"Melissa","Ross",1
"Melissa","Tag",1
"Melissa","Woman",1
"Message","Monica",1
"Message","Phoebe",1
"Message","Rachel",2
"Message","Ross",1
"Message","Second Message",1
"Message","Steve",1
"Message","Tv",1
"Mich","Rachel",2
"Mich","Waiter",1
"Michelle","Monica",1
"Michelle","Phoebe",1
"Michelle","Rachel",3
"Michelle","Richard",1
"Michelle","Ross",4
"Michelle","Woman",1
"Mike","Mike's Dad",2
"Mike","Mike's Mom",2
"Mike","Molly",1
"Mike","Monica",26
"Mike","Phoebe",52
"Mike","Precious",1
"Mike","Rachel",16
"Mike","Rita",1
"Mike","Ross",25
"Mike","Strange Man",1
"Mike","The Interviewer",1
"Mike","Woman",1
"Mike's Dad","Mike's Mom",2
"Mike's Dad","Monica",2
"Mike's Dad","Phoebe",2
"Mike's Dad","Rachel",2
"Mike's Dad","Ross",2
"Mike's Mom","Monica",2
"Mike's Mom","Phoebe",2
"Mike's Mom","Rachel",2
"Mike's Mom","Ross",2
"Mindy","Mr Wineburg",1
"Mindy","Mrs Wineburg",1
"Mindy","Rachel",3
"Mindy","Ross",1
"Minister","Minster",1
"Minister","Monica",2
"Minister","Mr a",1
"Minister","Mr Green",1
"Minister","Mrs Geller",1
"Minister","Mrs Green",1
"Minister","Mrs Waltham",1
"Minister","Phoebe",2
"Minister","Rachel",2
"Minister","Ross",3
"Minister","Susan",1
"Minister","Woman",1
"Minster","Monica",1
"Minster","Mrs Waltham",1
"Minster","Phoebe",1
"Minster","Ross",1
"Mischa","Monica",2
"Mischa","Phoebe",3
"Mischa","Sergei",2
"Missy","Ross",2
"Molly","Monica",2
"Molly","Phoebe",1
"Molly","Rachel",4
"Molly","Ross",4
"Molly","Woman",1
"Mona","Mona's Date",1
"Mona","Monica",5
"Mona","Mr Geller",1
"Mona","Mrs Bing",1
"Mona","Phoebe",5
"Mona","Rachel",6
"Mona","Ross",20
"Mona","Second Girl",1
"Mona","Ursula",2
"Mona","Waiter",1
"Mona","Witch",1
"Mona","Woman",1
"Mona's Date","Ross",1
"Monica","Mr a",1
"Monica","Mr Bing",3
"Monica","Mr Boyle",1
"Monica","Mr Geller",42
"Monica","Mr Green",1
"Monica","Mr Greene",3
"Monica","Mr Heckles",6
"Monica","Mr Treeger",4
"Monica","Mr Tribbiani",3
"Monica","Mr Waltham",3
"Monica","Mrs Bing",6
"Monica","Mrs Burkart",3
"Monica","Mrs Chatracus",1
"Monica","Mrs Geller",39
"Monica","Mrs Green",6
"Monica","Mrs Greene",3
"Monica","Mrs Waltham",5
"Monica","Nurse",9
"Monica","Others",1
"Monica","Oven",1
"Monica","Owen",2
"Monica","Paolo",6
"Monica","Parker",3
"Monica","Patrick",1
"Monica","Paul",6
"Monica","Paula",2
"Monica","Paulo",2
"Monica","Pete",17
"Monica","Pete's Mom",1
"Monica","Phoebe",800
"Monica","Phoebe Sr",1
"Monica","Photographer",1
"Monica","Pizza Guy",2
"Monica","Professor Spafford",1
"Monica","Racel",1
"Monica","Rache",1
"Monica","Rachel",774
"Monica","Radio",1
"Monica","Realtor",2
"Monica","Referee",1
"Monica","Richard",35
"Monica","Richard's Date",2
"Monica","Rob",3
"Monica","Robin Williams",1
"Monica","Roger",3
"Monica","Ronni",1
"Monica","Ross",649
"Monica","Roy",2
"Monica","Rtst",3
"Monica","Russ",2
"Monica","Sandy",1
"Monica","Sebastian",1
"Monica","Second Girl",1
"Monica","Second Message",1
"Monica","Secretary",1
"Monica","Security Guard",2
"Monica","Sergei",1
"Monica","Singer",2
"Monica","Sister 1",1
"Monica","Spokeswoman",1
"Monica","Stephanie",1
"Monica","Steve",4
"Monica","Strange Man",1
"Monica","Stu",1
"Monica","Susan",9
"Monica","Susie",1
"Monica","Tag",7
"Monica","Teacher",2
"Monica","Terry",1
"Monica","The Acting Teacher",1
"Monica","The Chorus Line",1
"Monica","The Cigarette Guy",1
"Monica","The Colonel",1
"Monica","The Cooking Teacher",3
"Monica","The Croupier",2
"Monica","The Cute Guy",1
"Monica","The Director",1
"Monica","The Doctor",2
"Monica","The Food Critic",1
"Monica","The Girls",6
"Monica","The Guys",9
"Monica","The Husband",1
"Monica","The Interviewer",3
"Monica","The Knocker",1
"Monica","The Man",2
"Monica","The Museum Official",2
"Monica","The Paramedic",1
"Monica","The Pastor",1
"Monica","The Photographer",1
"Monica","The Professor",1
"Monica","The Rabbi",1
"Monica","The Saleslady",1
"Monica","The Salesman",1
"Monica","The Second Guest",1
"Monica","The Singing Man",1
"Monica","The Teacher",1
"Monica","The Vampire",1
"Monica","The Waiter",2
"Monica","The Waitress",1
"Monica","The Wedding Guest",1
"Monica","The Woman",3
"Monica","Ticket Agent",1
"Monica","Tim",4
"Monica","Tom",2
"Monica","Tommy",1
"Monica","Trainer",1
"Monica","Tv",1
"Monica","Tv Announcer",2
"Monica","Tv Doctor",1
"Monica","Uncle Dan",1
"Monica","Ursula",3
"Monica","Van Damme",3
"Monica","Video",1
"Monica","Vince",1
"Monica","Voice",1
"Monica","Waiter",5
"Monica","Waiter in Drag",1
"Monica","Waitress",4
"Monica","Walker",1
"Monica","will",2
"Monica","Witch",1
"Monica","Woman",16
"Monica","Woman at Door",1
"Monica","Woman No. 1",1
"Monica","Woman No. 2",1
"Monica","Woman on Tv",1
"Monica","Woman's Voice",1
"Monica","Young Ethan",3
"Monica","Zack",3
"Morse","Ross",2
"Mover","Ross",1
"Mr a","Mr Green",1
"Mr a","Mrs Green",1
"Mr a","Phoebe",1
"Mr a","Rachel",1
"Mr a","Ross",1
"Mr a","Susan",1
"Mr a","Woman",1
"Mr Bing","Mr Geller",3
"Mr Bing","Mrs Bing",3
"Mr Bing","Mrs Geller",3
"Mr Bing","Phoebe",3
"Mr Bing","Rachel",2
"Mr Bing","Ross",3
"Mr Bing","The Rabbi",1
"Mr Bing","Woman",1
"Mr Bowmont","Phoebe",1
"Mr Bowmont","Rachel",1
"Mr Boyle","Mr Heckles",1
"Mr Boyle","Mr Treeger",1
"Mr Boyle","Phoebe",1
"Mr Boyle","Rachel",1
"Mr Boyle","Ross",1
"Mr Buffay","Phoebe",1
"Mr Burgin","Mrs Burgin",2
"Mr Burgin","Rachel",2
"Mr Campbell","Mr Zellner",1
"Mr Campbell","Rachel",1
"Mr Douglas","Nina",1
"Mr Franklin","Ross",1
"Mr Geller","Mr Waltham",3
"Mr Geller","Mrs Bing",3
"Mr Geller","Mrs Geller",32
"Mr Geller","Mrs Waltham",2
"Mr Geller","Nurse",1
"Mr Geller","Parker",2
"Mr Geller","Phoebe",20
"Mr Geller","Rachel",20
"Mr Geller","Richard",4
"Mr Geller","Ross",38
"Mr Geller","Roy",1
"Mr Geller","Second Girl",1
"Mr Geller","Tag",1
"Mr Geller","The Doctor",1
"Mr Geller","The Girls",1
"Mr Geller","The Paramedic",1
"Mr Geller","The Rabbi",1
"Mr Geller","Uncle Dan",1
"Mr Geller","Video",1
"Mr Geller","Waiter",1
"Mr Geller","Woman",1
"Mr Green","Mrs Green",1
"Mr Green","Phoebe",1
"Mr Green","Rachel",1
"Mr Green","Ross",1
"Mr Green","Susan",1
"Mr Green","Woman",1
"Mr Greene","Mrs Geller",1
"Mr Greene","Mrs Greene",3
"Mr Greene","Phoebe",3
"Mr Greene","Rachel",2
"Mr Greene","Ross",2
"Mr Heckles","Mr Treeger",1
"Mr Heckles","Phoebe",6
"Mr Heckles","Rachel",6
"Mr Heckles","Ross",4
"Mr Heckles","Woman No. 1",1
"Mr Heckles","Woman No. 2",1
"Mr Kaplan","Rachel",1
"Mr Oberblau","Paleontologist",1
"Mr Oberblau","Professore Clerk",1
"Mr Oberblau","Ross",1
"Mr Oberblau","Woman",1
"Mr Posner","Mrs Lynch",1
"Mr Posner","Rachel",1
"Mr Simon","Mrs Potter",1
"Mr Simon","Phoebe",1
"Mr Simon","Rick",1
"Mr Thompson","Phoebe",3
"Mr Thompson","Rachel",3
"Mr Treeger","Phoebe",4
"Mr Treeger","Rachel",4
"Mr Treeger","Ross",4
"Mr Tribbiani","Phoebe",2
"Mr Tribbiani","Rachel",2
"Mr Tribbiani","Roger",1
"Mr Tribbiani","Ronni",2
"Mr Tribbiani","Ross",1
"Mr Waltham","Mrs Geller",3
"Mr Waltham","Mrs Waltham",4
"Mr Waltham","Phoebe",1
"Mr Waltham","Rachel",7
"Mr Waltham","Ross",5
"Mr Wineburg","Mrs Wineburg",1
"Mr Wineburg","Rachel",1
"Mr Wineburg","Ross",1
"Mr Zellner","Rachel",1
"Mr Zelner","Rachel",6
"Mr Zelner","Ross",3
"Mr Zelner","Tag",1
"Mrs Bing","Mrs Geller",3
"Mrs Bing","Paolo",1
"Mrs Bing","Phoebe",6
"Mrs Bing","Rachel",5
"Mrs Bing","Ross",7
"Mrs Bing","The Housekeeper",1
"Mrs Bing","The Rabbi",1
"Mrs Bing","Waiter",1
"Mrs Bing","Woman",2
"Mrs Burgin","Rachel",2
"Mrs Burkart","Phoebe",3
"Mrs Chatracus","Rachel",1
"Mrs Geller","Mrs Greene",1
"Mrs Geller","Mrs Waltham",3
"Mrs Geller","Nurse",1
"Mrs Geller","Oven",1
"Mrs Geller","Parker",2
"Mrs Geller","Phoebe",21
"Mrs Geller","Rachel",26
"Mrs Geller","Richard",3
"Mrs Geller","Ross",35
"Mrs Geller","Roy",1
"Mrs Geller","Tag",1
"Mrs Geller","The Doctor",1
"Mrs Geller","The Girls",1
"Mrs Geller","The Paramedic",1
"Mrs Geller","The Rabbi",1
"Mrs Geller","Uncle Dan",1
"Mrs Geller","Waiter",1
"Mrs Geller","Woman",1
"Mrs Green","Phoebe",6
"Mrs Green","Rachel",6
"Mrs Green","Ross",3
"Mrs Green","Susan",1
"Mrs Green","Woman",2
"Mrs Greene","Phoebe",3
"Mrs Greene","Rachel",2
"Mrs Greene","Ross",2
"Mrs Lynch","Rachel",2
"Mrs Lynch","Sophie",1
"Mrs Potter","Phoebe",1
"Mrs Potter","Rick",1
"Mrs Tedlock","Woman",1
"Mrs Waltham","Phoebe",3
"Mrs Waltham","Rachel",2
"Mrs Waltham","Ross",6
"Mrs Wineburg","Rachel",1
"Mrs Wineburg","Ross",1
"Ms Geller","Rachel",1
"Ms Geller","Ross",1
"Ms Lambert","Ross",1
"Nancy","Rachel",4
"Narrator","Rachel",1
"Narrator","Ross",1
"Nina","Ross",1
"Nina","Susan",1
"Nina","Teacher",1
"Nina","Woman",1
"Nurse","Phoebe",5
"Nurse","Rachel",12
"Nurse","Receptionist",1
"Nurse","Ross",10
"Nurse","Susan",1
"Nurse","Woman",2
"Nurse #1","Nurse #2",1
"Nurse #1","Terry",1
"Nurse #1","The Director",1
"Nurse #2","Terry",1
"Nurse #2","The Director",1
"Old Woman","Ross",1
"Older Scientist","Ross",1
"Older Scientist","Tour Guide",1
"Others","Phoebe",1
"Others","Rachel",1
"Others","Ross",1
"Oven","Phoebe",1
"Pa","Phoebe",1
"Pa","Rachel",1
"Pa","Ross",1
"Paleontologist","Professore Clerk",1
"Paleontologist","Ross",1
"Paleontologist","Woman",1
"Paolo","Phoebe",6
"Paolo","Phoebe's Assistant",1
"Paolo","Rachel",7
"Paolo","Ross",6
"Parker","Phoebe",4
"Parker","Rachel",3
"Parker","Ross",3
"Parker","Uncle Dan",1
"Party Guests","Phoebe",1
"Party Guests","Ross",1
"Party Guests","Steve",1
"Passenger","Rachel",2
"Passenger #1","Passenger #2",1
"Passenger #1","Passenger #3",1
"Passenger #1","Phoebe",1
"Passenger #1","Rachel",1
"Passenger #1","Ross",1
"Passenger #2","Passenger #3",1
"Passenger #2","Phoebe",2
"Passenger #2","Rachel",2
"Passenger #2","Ross",2
"Passenger #3","Phoebe",1
"Passenger #3","Rachel",1
"Passenger #3","Ross",1
"Patrick","Phoebe",1
"Patrick","Rachel",1
"Paul","Phoebe",4
"Paul","Rachel",16
"Paul","Ross",11
"Paulo","Phoebe",2
"Paulo","Rachel",2
"Paulo","Ross",1
"Pbs Volunteer","Phoebe",1
"Pbs Volunteer","Stage Director",1
"Pete","Pete's Mom",1
"Pete","Phoebe",4
"Pete","Rachel",4
"Pete","Referee",1
"Pete","Ross",5
"Pete","Secretary",1
"Pete","Spokeswoman",1
"Pete","The Director",1
"Pete's Mom","Phoebe",1
"Pete's Mom","Rachel",1
"Pete's Mom","Ross",1
"Peter","Tony",1
"Petrie","Phoebe",1
"Petrie","Santos",1
"Phil","Stevens",1
"Phoebe","Phoebe Sr",4
"Phoebe","Phoebe Sr.",3
"Phoebe","Phoebe-Estelle",1
"Phoebe","Phoebe's Assistant",1
"Phoebe","Photographer",2
"Phoebe","Pizza Guy",1
"Phoebe","Precious",2
"Phoebe","Producer",1
"Phoebe","Racel",1
"Phoebe","Rache",1
"Phoebe","Rachel",771
"Phoebe","Receptionist",2
"Phoebe","Richard",8
"Phoebe","Rick",2
"Phoebe","Rita",1
"Phoebe","Rob",4
"Phoebe","Robert",4
"Phoebe","Robin Williams",1
"Phoebe","Roger",4
"Phoebe","Ross",649
"Phoebe","Roy",3
"Phoebe","Russ",4
"Phoebe","Ryan",4
"Phoebe","Same Man's Voice",1
"Phoebe","Sandy",1
"Phoebe","Santos",1
"Phoebe","Sebastian",1
"Phoebe","Second Girl",1
"Phoebe","Second Message",1
"Phoebe","Security Guard",1
"Phoebe","Sergei",3
"Phoebe","Shop Assistant",1
"Phoebe","Singer",2
"Phoebe","Sister 1",1
"Phoebe","Smoke Detector",1
"Phoebe","Soothing Male Voice",1
"Phoebe","Stage Director",1
"Phoebe","Stephanie",2
"Phoebe","Steve",8
"Phoebe","Strange Man",1
"Phoebe","Stranger",1
"Phoebe","Supervisor",2
"Phoebe","Susan",11
"Phoebe","Susie",1
"Phoebe","Tag",10
"Phoebe","Tape",1
"Phoebe","Tattoo Artist",1
"Phoebe","Teacher",2
"Phoebe","Terry",1
"Phoebe","The ""Hey Guy"" Guy",1
"Phoebe","The Cigarette Guy",1
"Phoebe","The Croupier",1
"Phoebe","The Cute Guy",1
"Phoebe","The Doctor",1
"Phoebe","The Dr Cleaner",2
"Phoebe","The Fan",1
"Phoebe","The Fireman",1
"Phoebe","The Girls",5
"Phoebe","The Guys",8
"Phoebe","The Interviewer",4
"Phoebe","The Lurker",2
"Phoebe","The Man",1
"Phoebe","The Museum Official",1
"Phoebe","The Other Woman",1
"Phoebe","The Pastor",1
"Phoebe","The Rabbi",1
"Phoebe","The Saleslady",1
"Phoebe","The Security Guard",2
"Phoebe","The Smoking Woman",1
"Phoebe","The Teacher",3
"Phoebe","The Vampire",1
"Phoebe","The Waiter",1
"Phoebe","The Woman",1
"Phoebe","Ticket Agent",1
"Phoebe","Tim",4
"Phoebe","Tom",1
"Phoebe","Tommy",1
"Phoebe","Trainer",1
"Phoebe","Trudie Styler",1
"Phoebe","Tv",1
"Phoebe","Tv Announcer",2
"Phoebe","Uncle Dan",1
"Phoebe","Ursula",8
"Phoebe","Van Damme",1
"Phoebe","Vince",3
"Phoebe","Voice",1
"Phoebe","Waiter",7
"Phoebe","Waitress",3
"Phoebe","Whitney",2
"Phoebe","will",2
"Phoebe","Witch",1
"Phoebe","Woman",17
"Phoebe","Woman at Door",1
"Phoebe","Woman No. 1",1
"Phoebe","Woman No. 2",1
"Phoebe","Woman's Voice",1
"Phoebe","Zack",1
"Phoebe Sr","Rachel",1
"Photographer","Rachel",2
"Photographer","Ross",1
"Pizza Guy","Rachel",2
"Pizza Guy","Ross",1
"Policeman","Rachel",2
"Policeman","Ross",2
"Priest on Tv","Rachel",1
"Prof. Sherman","Ross",1
"Professor Feesen","Ross",1
"Professor Sherman","Ross",1
"Professor Spafford","Ross",2
"Professore Clerk","Ross",1
"Professore Clerk","Woman",1
"Quartet","Rachel",1
"Quartet","Ross",1
"Quartet","The Bass Barber",1
"Racel","Rachel",1
"Racel","Ross",1
"Rache","Rachel",1
"Rache","Ross",1
"Rachel","Radio",1
"Rachel","Rahcel",1
"Rachel","Ralph Lauren",2
"Rachel","Receptionist",2
"Rachel","Richard",12
"Rachel","Rob",3
"Rachel","Robbie",2
"Rachel","Robert",1
"Rachel","Robin Williams",1
"Rachel","Roger",3
"Rachel","Ronni",1
"Rachel","Ross",836
"Rachel","Roy",3
"Rachel","Russ",3
"Rachel","Russell",1
"Rachel","Ryan",3
"Rachel","Sandy",1
"Rachel","Sebastian",1
"Rachel","Second Girl",1
"Rachel","Second Message",1
"Rachel","Security Guard",1
"Rachel","Shop Assistant",1
"Rachel","Sick Bastard",1
"Rachel","Sid",1
"Rachel","Sister 1",1
"Rachel","Soothing Male Voice",1
"Rachel","Sophie",7
"Rachel","Stephanie",1
"Rachel","Steve",6
"Rachel","Stranger",2
"Rachel","Susan",9
"Rachel","Susie",1
"Rachel","Tag",25
"Rachel","Tattoo Artist",1
"Rachel","Teacher",2
"Rachel","Terry",2
"Rachel","The Bass Barber",1
"Rachel","The Cigarette Guy",1
"Rachel","The Director",1
"Rachel","The Doctor",3
"Rachel","The Girls",6
"Rachel","The Guys",8
"Rachel","The Interviewer",5
"Rachel","The Museum Official",1
"Rachel","The Other Woman",1
"Rachel","The Paramedic",1
"Rachel","The Pastor",1
"Rachel","The Presenter",1
"Rachel","The Professor",1
"Rachel","The Rabbi",2
"Rachel","The Salesman",1
"Rachel","The Singing Man",1
"Rachel","The Teacher",2
"Rachel","The Vampire",1
"Rachel","The Woman",2
"Rachel","Ticket Agent",2
"Rachel","Tim",1
"Rachel","Tom",2
"Rachel","Tommy",3
"Rachel","Trainer",1
"Rachel","Tv",1
"Rachel","Tv Announcer",2
"Rachel","Tv Doctor",1
"Rachel","Uncle Dan",1
"Rachel","Ursula",3
"Rachel","Van Damme",2
"Rachel","Vince",1
"Rachel","Voice",1
"Rachel","Waiter",8
"Rachel","Waitress",4
"Rachel","Walker",1
"Rachel","Wedding Planner",1
"Rachel","will",2
"Rachel","Witch",1
"Rachel","Woman",23
"Rachel","Woman at Door",1
"Rachel","Woman Giving Birth",1
"Rachel","Woman No. 1",2
"Rachel","Woman No. 2",2
"Rachel","Woman on Tv",1
"Rachel","Woman's Voice",1
"Rachel","Young Ethan",1
"Rachel","Zack",1
"Radio","Ross",1
"Rahcel","Ross",1
"Raymond","Ross",1
"Receptionist","Ross",6
"Receptionist","Woman",1
"Referee","Ross",1
"Richard","Richard's Date",2
"Richard","Ross",14
"Richard","The Director",5
"Richard","The Guys",1
"Richard","Waitress",1
"Richard","Woman's Voice",1
"Rita","Woman",1
"Rob","Ross",2
"Robbie","Ross",1
"Robbie","Susan",1
"Robert","Ross",4
"Robin Williams","Ross",1
"Roger","Ross",3
"Ross","Roy",1
"Ross","Russ",2
"Ross","Russell",1
"Ross","Ryan",3
"Ross","Salesman",1
"Ross","Sandy",1
"Ross","Sarah",5
"Ross","Sebastian",1
"Ross","Second Dorm Guy",1
"Ross","Second Girl",1
"Ross","Second Message",1
"Ross","Security Guard",2
"Ross","Sherman Whitfield",1
"Ross","Sick Bastard",1
"Ross","Sid",1
"Ross","Singer",1
"Ross","Sister 1",1
"Ross","Soothing Male Voice",1
"Ross","Sophie",1
"Ross","Stephanie",2
"Ross","Steve",7
"Ross","Student",1
"Ross","Susan",31
"Ross","Susie",2
"Ross","Tag",8
"Ross","Teacher",3
"Ross","Terry",1
"Ross","The Bass Barber",1
"Ross","The Conductor",1
"Ross","The Director",1
"Ross","The Doctor",2
"Ross","The Girls",5
"Ross","The Guys",9
"Ross","The Head Librarian",1
"Ross","The Hot Girl",1
"Ross","The Instructor",1
"Ross","The Interviewer",6
"Ross","The Librarian",1
"Ross","The Little Girl",1
"Ross","The Man",1
"Ross","The Old Man",1
"Ross","The Paramedic",1
"Ross","The Pastor",1
"Ross","The Professor",1
"Ross","The Rabbi",1
"Ross","The Salesman",1
"Ross","The Saleswoman",1
"Ross","The Second Guest",1
"Ross","The Stripper",2
"Ross","The Vampire",1
"Ross","The Wedding Guest",1
"Ross","The Woman",2
"Ross","Ticket Agent",2
"Ross","Tim",1
"Ross","Tom",1
"Ross","Tommy",3
"Ross","Tour Guide",2
"Ross","Trainer",1
"Ross","Tv",1
"Ross","Tv Announcer",2
"Ross","Tv Doctor",1
"Ross","Uncle Dan",1
"Ross","Ursula",3
"Ross","Van Damme",1
"Ross","Vince",1
"Ross","Waiter",7
"Ross","Waiter #2",1
"Ross","Waitress",2
"Ross","We Have 8",1
"Ross","Wedding Planner",1
"Ross","Whitfield",1
"Ross","Whitney",2
"Ross","will",2
"Ross","Witch",1
"Ross","Woman",29
"Ross","Woman at Door",1
"Ross","Woman Giving Birth",1
"Ross","Woman No. 1",1
"Ross","Woman No. 2",1
"Ross","Woman on Train",1
"Ross","Woman's Voice",1
"Ross","Young Ethan",1
"Ross","Zoe",1
"Salon Girl","Sonia",1
"Same Man's Voice","Ursula",1
"Sarah","Second Dorm Guy",1
"Sarah","The Girls",1
"Sarah","Waiter",2
"Sarah","Woman",1
"Sarah","Zoe",1
"Second Dorm Guy","The Girls",1
"Second Dorm Guy","Zoe",1
"Second Message","Steve",1
"Second Message","Tv",1
"Security Guard","Susie",1
"Security Guard","Trainer",1
"Security Guard","Van Damme",1
"Sherman Whitfield","Whitfield",1
"Sleep Clinic Worker","Woman",1
"Soothing Male Voice","Susan",1
"Soothing Male Voice","Teacher",1
"Stanley","The Grip",1
"Stephanie","Terry",1
"Steve","Tv",1
"Steve","Waiter",2
"Steve","Waitress",1
"Supervisor","The ""Hey Guy"" Guy",1
"Susan","Teacher",3
"Susan","Woman",2
"Susie","Trainer",1
"Susie","Van Damme",1
"Teacher","Woman",2
"Terry","The Director",1
"The Colonel","The Waitress",1
"The Conductor","Woman on Train",1
"The Cooking Teacher","The Food Critic",1
"The Director","Woman",1
"The Doctor","The Paramedic",1
"The Girls","The Guys",1
"The Girls","Zoe",1
"The Guys","The Stripper",1
"The Guys","Woman's Voice",1
"The Head Librarian","The Librarian",1
"The Hot Girl","The Man",1
"The Interviewer","Woman",1
"The Little Girl","The Old Man",1
"The Lurker","The Security Guard",1
"The Other Woman","Woman",1
"The Producer","Wayne",1
"The Second Guest","The Wedding Guest",1
"Ticket Agent","Woman",1
"Trainer","Van Damme",1
"Tv Announcer","Woman at Door",1
"Ursula","Witch",1
"Waiter","Waiter #2",1
"Waiter","Waiter No. 2",1
"Waiter","Waiters",1
"Waiter","Waitress",1
"Waiter","Woman",1
"Waitress","Woman",1
"Woman No. 1","Woman No. 2",2
