"screen_name","profile_image_url","followers_count","constituency","party","name","colour"
"LindsayHoyle_MP","http://pbs.twimg.com/profile_images/1219208145471516672/d5uiK99E_normal.jpg",41560,"Chorley","Speaker","Lindsay Hoyle","#000000"
"ClaireHanna","http://pbs.twimg.com/profile_images/1229882927082803200/cd9N4yaE_normal.jpg",41802,"Belfast South","Social Democratic and Labour Party","Claire Hanna","#216a4d"
"columeastwood","http://pbs.twimg.com/profile_images/1503856507229777921/vtRXBZyB_normal.jpg",47402,"Foyle","Social Democratic and Labour Party","Colum Eastwood","#216a4d"
"MickeyBradySF","http://pbs.twimg.com/profile_images/1240647475171676163/HO8w04kr_normal.jpg",5366,"Newry and Armagh","Sinn Féin","Mickey Brady ","#008a49"
"PaulMaskeyMP","http://pbs.twimg.com/profile_images/1394647673203040256/3pHc3qER_normal.jpg",20281,"Belfast West","Sinn Féin","Paul Maskey ","#008a49"
"FrancieMolloy","http://pbs.twimg.com/profile_images/2966488222/0e09c703ed91b0f3f7b48ebddf6bb2eb_normal.jpeg",9035,"Mid Ulster","Sinn Féin","Francie Molloy ","#008a49"
"johnfinucane","http://pbs.twimg.com/profile_images/1362496464879050754/LPcZkIng_normal.jpg",36407,"Belfast North","Sinn Féin","John Finucane","#008a49"
"gildernewm","http://pbs.twimg.com/profile_images/1392213801768939522/8eeZiQ1w_normal.png",20819,"Fermanagh and South Tyrone","Sinn Féin","Michelle Gildernew","#008a49"
"ChrisHazzardSF","http://pbs.twimg.com/profile_images/1523436155412393984/r1S_J1rW_normal.jpg",24912,"South Down","Sinn Féin","Christopher Hazzard","#008a49"
"OrfhlaithBegley","http://pbs.twimg.com/profile_images/1356539372552781824/Du414m09_normal.jpg",8641,"West Tyrone","Sinn Féin","Órfhlaith Begley","#008a49"
"JohnMcNallySNP","http://pbs.twimg.com/profile_images/1195453571053084677/SSfBMg-k_normal.jpg",9536,"Falkirk","Scottish National Party","Johnny McNally","#d3c200"
"ChrisLawSNP","http://pbs.twimg.com/profile_images/665840279803547648/Od9-iHwV_normal.jpg",19879,"Dundee West","Scottish National Party","Chris Law ","#d3c200"
"HannahB4LiviMP","http://pbs.twimg.com/profile_images/1389157491758542849/-KyOJOPn_normal.jpg",26016,"Livingston","Scottish National Party","Hannah Bardell ","#d3c200"
"MhairiBlack","http://pbs.twimg.com/profile_images/1311716577969164288/O6ZlNfTb_normal.jpg",225757,"Paisley and Renfrewshire South","Scottish National Party","Mhairi Black ","#d3c200"
"KirstySNP","http://pbs.twimg.com/profile_images/1365300072565657607/lbLB_T3Q_normal.jpg",27404,"Aberdeen North","Scottish National Party","Kirsty Blackman ","#d3c200"
"StewartMcDonald","http://pbs.twimg.com/profile_images/1501296668641165313/zFHjffgN_normal.jpg",38174,"Glasgow South","Scottish National Party","Stewart Malcolm McDonald ","#d3c200"
"Stuart_McDonald","http://pbs.twimg.com/profile_images/859418470810869761/AMTs1l-T_normal.jpg",13670,"Cumbernauld, Kilsyth and Kirkintilloch East","Scottish National Party","Stuart C. McDonald ","#d3c200"
"PeterGrantMP","http://pbs.twimg.com/profile_images/1223157456160935936/QBfaArFQ_normal.jpg",16743,"Glenrothes","Scottish National Party","Peter Grant ","#d3c200"
"MartynDaySNP","http://pbs.twimg.com/profile_images/1436651846643462146/NGIwmbT2_normal.jpg",11325,"Linlithgow and East Falkirk","Scottish National Party","Martyn Day ","#d3c200"
"AngusMacNeilSNP","http://pbs.twimg.com/profile_images/1010247738187972608/m7MqEU6-_normal.jpg",44056,"Na h-Eileanan an Iar","Scottish National Party","Angus MacNeil ","#d3c200"
"GavNewlandsSNP","http://pbs.twimg.com/profile_images/1365291667679567872/QHDdeQjo_normal.jpg",14693,"Paisley and Renfrewshire North","Scottish National Party","Gavin Newlands ","#d3c200"
"Ianblackford_MP","http://pbs.twimg.com/profile_images/1110141413646307329/MDOgdoiM_normal.png",173758,"Ross, Skye and Lochaber","Scottish National Party","Ian Blackford ","#d3c200"
"AnneMcLaughlin","http://pbs.twimg.com/profile_images/1091843049104252928/BrteHgfV_normal.jpg",14019,"Glasgow North East","Scottish National Party","Anne McLaughlin ","#d3c200"
"DeidreBrock","http://pbs.twimg.com/profile_images/1372933552409559058/zopRJ_Xd_normal.jpg",17162,"Edinburgh North and Leith","Scottish National Party","Deidre Brock ","#d3c200"
"AlanBrownSNP","http://pbs.twimg.com/profile_images/806823558299156480/c7p0fw9v_normal.jpg",12861,"Kilmarnock and Loudoun","Scottish National Party","Alan Brown ","#d3c200"
"ChrisStephens","http://pbs.twimg.com/profile_images/1375863122955624453/nIr-mCHc_normal.png",17667,"Glasgow South West","Scottish National Party","Chris Stephens ","#d3c200"
"DaveDooganSNP","http://pbs.twimg.com/profile_images/1340450174683013121/0JbZhfDm_normal.jpg",4525,"Angus","Scottish National Party","Dave Doogan","#d3c200"
"JNHanvey","http://pbs.twimg.com/profile_images/1438576411770503172/xF408xdT_normal.jpg",8819,"Kirkcaldy and Cowdenbeath","Scottish National Party","Neale Hanvey","#d3c200"
"StephenFlynnSNP","http://pbs.twimg.com/profile_images/1486118301617033218/mKWdkfm6_normal.jpg",10246,"Aberdeen South","Scottish National Party","Stephen Flynn","#d3c200"
"DougChapmanSNP","http://pbs.twimg.com/profile_images/1516362086028304385/NhsRPBAh_normal.jpg",15296,"Dunfermline and West Fife","Scottish National Party","Douglas Chapman ","#d3c200"
"CMonaghanSNP","http://pbs.twimg.com/profile_images/1214926864487239680/rur8O6NL_normal.jpg",20978,"Glasgow North West","Scottish National Party","Carol Monaghan ","#d3c200"
"RThomsonMP","http://pbs.twimg.com/profile_images/1251968200784384000/0fAImHPu_normal.jpg",3666,"Gordon","Scottish National Party","Richard Gordon Thomson","#d3c200"
"StevenBonnarSNP","http://pbs.twimg.com/profile_images/1356571123492790275/vf1oAv4J_normal.jpg",4043,"Coatbridge, Chryston and Bellshill","Scottish National Party","Steven Bonnar","#d3c200"
"joannaccherry","http://pbs.twimg.com/profile_images/874625718596104197/e35KXr5W_normal.jpg",120196,"Edinburgh South West","Scottish National Party","Joanna Cherry QC ","#d3c200"
"allandoransMP","http://pbs.twimg.com/profile_images/1368846010831810564/P_OulsiP_normal.jpg",846,"Ayr, Carrick and Cumnock","Scottish National Party","Allan Dorans","#d3c200"
"DrLisaCameronMP","http://pbs.twimg.com/profile_images/941392029266972673/yMqUtyVy_normal.jpg",14568,"East Kilbride, Strathaven and Lesmahagow","Scottish National Party","Lisa Cameron","#d3c200"
"ronniecowan","http://pbs.twimg.com/profile_images/918391885160427522/a4nxw2LL_normal.jpg",13539,"Inverclyde","Scottish National Party","Ronnie Cowan ","#d3c200"
"MrJohnNicolson","http://pbs.twimg.com/profile_images/1531667089416650752/2TQnL4GM_normal.jpg",45859,"Ochil and South Perthshire","Scottish National Party","John Nicolson ","#d3c200"
"BrendanOHaraMP","http://pbs.twimg.com/profile_images/1365292611716661249/ShAfcNnY_normal.jpg",15044,"Argyll and Bute","Scottish National Party","Brendan O'Hara ","#d3c200"
"AngelaCrawley30","http://pbs.twimg.com/profile_images/1339915614920585217/omCy9jPi_normal.jpg",13921,"Lanark and Hamilton East","Scottish National Party","Angela Crawley ","#d3c200"
"kirstenoswald","http://pbs.twimg.com/profile_images/1504117179784269824/wt2-tCDr_normal.png",16503,"East Renfrewshire","Scottish National Party","Kirsten Oswald ","#d3c200"
"MartinJDocherty","http://pbs.twimg.com/profile_images/1455952104368005120/YtigvVUd_normal.jpg",14219,"West Dunbartonshire","Scottish National Party","Martin Docherty-Hughes","#d3c200"
"AlynSmith","http://pbs.twimg.com/profile_images/1504531289369722880/hMsh_uTk_normal.jpg",46587,"Stirling","Scottish National Party","Alyn Smith","#d3c200"
"KennyMacAskill","http://pbs.twimg.com/profile_images/766662193467252760/SEmIBZGN_normal.jpg",19898,"East Lothian","Scottish National Party","Kenny MacAskill","#d3c200"
"marionfellows","http://pbs.twimg.com/profile_images/1184022494883303425/jSs0gS2X_normal.jpg",12209,"Motherwell and Wishaw","Scottish National Party","Marion Fellows ","#d3c200"
"AmyCallaghanSNP","http://pbs.twimg.com/profile_images/1455877453042397187/nPpuY-Ej_normal.jpg",15565,"East Dunbartonshire","Scottish National Party","Amy Callaghan","#d3c200"
"TommySheppard","http://pbs.twimg.com/profile_images/1367797110532431874/SY8AU9cz_normal.jpg",38736,"Edinburgh East","Scottish National Party","Tommy Sheppard ","#d3c200"
"PGibsonSNP","http://pbs.twimg.com/profile_images/1515619635101679622/YnJzfZOF_normal.jpg",13362,"North Ayrshire and Arran","Scottish National Party","Patricia Gibson ","#d3c200"
"GradySNP","http://pbs.twimg.com/profile_images/1512847993048866818/F2aSVBdo_normal.jpg",17070,"Glasgow North","Scottish National Party","Patrick Grady ","#d3c200"
"AnumSNP","http://pbs.twimg.com/profile_images/1515725124305141764/GqbUY4jV_normal.jpg",20526,"Airdrie and Shotts","Scottish National Party","Anum Qaisar","#d3c200"
"DavidLinden","http://pbs.twimg.com/profile_images/1531662519990902785/5vxhtf9D_normal.jpg",13067,"Glasgow East","Scottish National Party","David Linden","#d3c200"
"alisonthewliss","http://pbs.twimg.com/profile_images/1463976020080578560/PD0GBZib_normal.jpg",31191,"Glasgow Central","Scottish National Party","Alison Thewliss ","#d3c200"
"OwenThompson","http://pbs.twimg.com/profile_images/1499057430591950858/23UJbC01_normal.jpg",8269,"Midlothian","Scottish National Party","Owen Thompson ","#d3c200"
"drewhendrySNP","http://pbs.twimg.com/profile_images/1388131045166440454/jPJitEF3_normal.jpg",16250,"Inverness, Nairn, Badenoch and Strathspey","Scottish National Party","Drew Hendry ","#d3c200"
"StewartHosieSNP","http://pbs.twimg.com/profile_images/1220299163642073089/r1ALqaYa_normal.jpg",28515,"Dundee East","Scottish National Party","Stewart Hosie ","#d3c200"
"Dr_PhilippaW","http://pbs.twimg.com/profile_images/789857935648256000/xw9lKbMI_normal.jpg",39544,"Central Ayrshire","Scottish National Party","Dr Philippa Whitford ","#d3c200"
"PeteWishart","http://pbs.twimg.com/profile_images/1365413173004746754/lB9noBFP_normal.jpg",56731,"Perth and North Perthshire","Scottish National Party","Pete Wishart ","#d3c200"
"LSRPlaid","http://pbs.twimg.com/profile_images/1516752360881672195/j3mNTLYR_normal.jpg",20941,"Dwyfor Meirionnydd","Plaid Cymru","Liz Saville Roberts ","#3d8028"
"BenMLake","http://pbs.twimg.com/profile_images/1222536305315282946/9SuXMcxH_normal.jpg",8630,"Ceredigion","Plaid Cymru","Ben Lake","#3d8028"
"HywelPlaidCymru","http://pbs.twimg.com/profile_images/1259783544387371015/mnsY5VcF_normal.jpg",10590,"Arfon","Plaid Cymru","Hywel Williams ","#3d8028"
"amcarmichaelMP","http://pbs.twimg.com/profile_images/545920565853188096/myOML3i1_normal.jpeg",24429,"Orkney and Shetland","Liberal Democrat","Alistair Carmichael","#f5b52e"
"timfarron","http://pbs.twimg.com/profile_images/1206203168771756032/FOSfGNbh_normal.jpg",288526,"Westmorland and Lonsdale","Liberal Democrat","Tim Farron","#f5b52e"
"munirawilson","http://pbs.twimg.com/profile_images/1219762183061626881/7nY-NoUF_normal.jpg",17051,"Twickenham","Liberal Democrat","Munira Wilson","#f5b52e"
"Wera_Hobhouse","http://pbs.twimg.com/profile_images/1298983430428848132/qLXHkPVa_normal.jpg",23758,"Bath","Liberal Democrat","Wera Hobhouse","#f5b52e"
"cajardineMP","http://pbs.twimg.com/profile_images/1523951898511953920/1IKmgadR_normal.jpg",14850,"Edinburgh West","Liberal Democrat","Christine Jardine","#f5b52e"
"libdemdaisy","http://pbs.twimg.com/profile_images/1304510449677991945/bgirXzp5_normal.jpg",26942,"St Albans","Liberal Democrat","Daisy Cooper","#f5b52e"
"Jamie4North","http://pbs.twimg.com/profile_images/1511365979586052098/C_u843OL_normal.jpg",14249,"Caithness, Sutherland and Easter Ross","Liberal Democrat","Jamie Stone","#f5b52e"
"wendychambLD","http://pbs.twimg.com/profile_images/1321103663797014528/TYXNgSmO_normal.jpg",7743,"North East Fife","Liberal Democrat","Wendy Chamberlain","#f5b52e"
"sarahjolney1","http://pbs.twimg.com/profile_images/1488838439730565121/BDfk4stX_normal.jpg",18048,"Richmond Park","Liberal Democrat","Sarah Olney","#f5b52e"
"EdwardJDavey","http://pbs.twimg.com/profile_images/1327250229649928194/6_-OG0m3_normal.jpg",83414,"Kingston and Surbiton","Liberal Democrat","Edward Davey","#f5b52e"
"SarahGreenLD","http://pbs.twimg.com/profile_images/1451606889653997570/0DVVvjFW_normal.jpg",10738,"Chesham and Amersham","Liberal Democrat","Sarah Green","#f5b52e"
"HelenMorganMP","http://pbs.twimg.com/profile_images/1462044798941081602/x4xaTIbq_normal.jpg",14041,"North Shropshire","Liberal Democrat","Helen Morgan","#f5b52e"
"LaylaMoran","http://pbs.twimg.com/profile_images/1299336651605327872/agO_gxQJ_normal.jpg",78271,"Oxford West and Abingdon","Liberal Democrat","Layla Moran","#f5b52e"
"HackneyAbbott","http://pbs.twimg.com/profile_images/1531551017975828480/ngp3GpZb_normal.jpg",396487,"Hackney North and Stoke Newington","Labour","Diane Abbott ","#dd0339"
"DavidLammy","http://pbs.twimg.com/profile_images/1334893581874716683/nI8J96l2_normal.jpg",777902,"Tottenham","Labour","David Lammy ","#dd0339"
"Debbie_abrahams","http://pbs.twimg.com/profile_images/1268597753774514182/1NFLrnDQ_normal.jpg",54118,"Oldham East and Saddleworth","Labour","Debbie Abrahams ","#dd0339"
"IanLaveryMP","http://pbs.twimg.com/profile_images/1427198797323640833/6_C22gYX_normal.jpg",93038,"Wansbeck","Labour","Ian Lavery ","#dd0339"
"JohnCryerMP","http://pbs.twimg.com/profile_images/555760589046153217/RtLZMXQi_normal.jpeg",6845,"Leyton and Wanstead","Labour","John Cryer","#dd0339"
"Siobhain_Mc","http://pbs.twimg.com/profile_images/1304473971442823171/zomt8QjJ_normal.jpg",22456,"Mitcham and Morden","Labour","Siobhain McDonagh","#dd0339"
"rushanaraali","http://pbs.twimg.com/profile_images/884455380843188226/GeKwpiiU_normal.jpg",47262,"Bethnal Green and Bow","Labour","Rushanara Ali ","#dd0339"
"MpHendrick","http://pbs.twimg.com/profile_images/1307095725575204865/Rr6zsWoa_normal.jpg",5889,"Preston","Labour","Mark Hendrick","#dd0339"
"EmmaLewellBuck","http://pbs.twimg.com/profile_images/1519458139384520704/TPP0609g_normal.jpg",27604,"South Shields","Labour","Emma Lewell-Buck ","#dd0339"
"JonAshworth","http://pbs.twimg.com/profile_images/1415240494100189189/oYJgCU4y_normal.jpg",115999,"Leicester South","Labour","Jonathan Ashworth ","#dd0339"
"labourlewis","http://pbs.twimg.com/profile_images/1399287802584502276/lXHqWmwR_normal.jpg",117004,"Norwich South","Labour","Clive Lewis ","#dd0339"
"Chris_EvansMP","http://pbs.twimg.com/profile_images/1063332437386821632/blC1DJUi_normal.jpg",7490,"Islwyn","Labour","Chris Evans","#dd0339"
"MarieRimmer","http://pbs.twimg.com/profile_images/1215258022391549952/ej5dArqW_normal.jpg",13790,"St Helens South and Whiston","Labour","Marie Rimmer ","#dd0339"
"hilarybennmp","http://pbs.twimg.com/profile_images/860064372873461760/6NW5yP8l_normal.jpg",170049,"Leeds Central","Labour","Hilary Benn ","#dd0339"
"HollyLynch5","http://pbs.twimg.com/profile_images/1481301165732212743/D_XfkMfS_normal.jpg",27615,"Halifax","Labour","Holly Lynch ","#dd0339"
"steve_mccabe","http://pbs.twimg.com/profile_images/1445144635/sTEVE_mCcABE_HEADSHOT_normal.png",19043,"Birmingham, Selly Oak","Labour","Steve McCabe ","#dd0339"
"WayneDavid_MP","http://pbs.twimg.com/profile_images/780072223935692800/odESM6wn_normal.jpg",15237,"Caerphilly","Labour","Wayne David ","#dd0339"
"KerryMP","http://pbs.twimg.com/profile_images/1187422292944588802/gwNttRUz_normal.jpg",32847,"Bristol East","Labour","Kerry McCarthy ","#dd0339"
"AndyMcDonaldMP","http://pbs.twimg.com/profile_images/785802522422378496/rAQJwsR8_normal.jpg",51220,"Middlesbrough","Labour","Andy McDonald ","#dd0339"
"SarahOwen_","http://pbs.twimg.com/profile_images/1387119701768146950/3li66IdM_normal.jpg",22431,"Luton North","Labour","Sarah Owen","#dd0339"
"PaulBlomfieldMP","http://pbs.twimg.com/profile_images/1525900247419047937/nbKEEZlc_normal.jpg",22531,"Sheffield Central","Labour","Paul Blomfield ","#dd0339"
"johnmcdonnellMP","http://pbs.twimg.com/profile_images/875361609983676416/nZiqZgBq_normal.jpg",310367,"Hayes and Harlington","Labour","John McDonnell ","#dd0339"
"patmcfaddenmp","http://pbs.twimg.com/profile_images/1269964399390928899/xYus8pAu_normal.jpg",28208,"Wolverhampton South East","Labour","Pat McFadden ","#dd0339"
"ConorMcGinn","http://pbs.twimg.com/profile_images/1206230768667779073/lJ41WEqP_normal.jpg",18232,"St Helens North","Labour","Conor McGinn ","#dd0339"
"Alison_McGovern","http://pbs.twimg.com/profile_images/1329200029752504321/l3GwZIsr_normal.jpg",56717,"Wirral South","Labour","Alison McGovern ","#dd0339"
"BenPBradshaw","http://pbs.twimg.com/profile_images/1437776237297119250/ExIq9Rj1_normal.jpg",78353,"Exeter","Labour","Ben Bradshaw ","#dd0339"
"KevinBrennanMP","http://pbs.twimg.com/profile_images/1202260857687879681/O2j0Dd1x_normal.jpg",26516,"Cardiff West","Labour","Kevin Brennan ","#dd0339"
"CatMcKinnell","http://pbs.twimg.com/profile_images/1334491710940995584/CRZEoaWQ_normal.jpg",28711,"Newcastle upon Tyne North","Labour","Catherine McKinnell ","#dd0339"
"justinmadders","http://pbs.twimg.com/profile_images/1080238887019208705/1gAx497E_normal.jpg",30432,"Ellesmere Port and Neston","Labour","Justin Madders ","#dd0339"
"FloEshalomi","http://pbs.twimg.com/profile_images/1321482098969059329/XKBj1lfY_normal.jpg",30804,"Vauxhall","Labour","Florence Eshalomi","#dd0339"
"lynbrownmp","http://pbs.twimg.com/profile_images/772453810778337280/0YaEs8wZ_normal.jpg",14648,"West Ham","Labour","Lyn Brown ","#dd0339"
"ShabanaMahmood","http://pbs.twimg.com/profile_images/1270300805275541504/pIFdAc0f_normal.jpg",25851,"Birmingham, Ladywood","Labour","Shabana Mahmood ","#dd0339"
"KarenPBuckMP","http://pbs.twimg.com/profile_images/1264564555860017152/fUYE1pym_normal.jpg",18875,"Westminster North","Labour","Karen Buck ","#dd0339"
"SeemaMalhotra1","http://pbs.twimg.com/profile_images/1398405953058394112/yS9GEquD_normal.jpg",26016,"Feltham and Heston","Labour","Seema Malhotra ","#dd0339"
"JimfromOldham","http://pbs.twimg.com/profile_images/1447852916321181696/SnTqpzHw_normal.jpg",29011,"Oldham West and Royton","Labour","Jim McMahon ","#dd0339"
"RichardBurgon","http://pbs.twimg.com/profile_images/1339534463173332992/oKvptzuI_normal.jpg",172971,"Leeds East","Labour","Richard Burgon ","#dd0339"
"TahirAliMP","http://pbs.twimg.com/profile_images/1196844555255062529/yyKDUF0k_normal.jpg",3669,"Birmingham, Hall Green","Labour","Tahir Ali","#dd0339"
"DawnButlerBrent","http://pbs.twimg.com/profile_images/1332325783289929729/Te2cb8pB_normal.jpg",242122,"Brent Central","Labour","Dawn Butler ","#dd0339"
"RachaelMaskell","http://pbs.twimg.com/profile_images/874263030825136128/Q4c053zx_normal.jpg",34938,"York Central","Labour","Rachael Maskell ","#dd0339"
"liambyrnemp","http://pbs.twimg.com/profile_images/1497205097427779586/sWu1iLPv_normal.jpg",38455,"Birmingham, Hodge Hill","Labour","Liam Byrne ","#dd0339"
"RuthCadbury","http://pbs.twimg.com/profile_images/1279717579704188928/UAMzfED1_normal.jpg",23550,"Brentford and Isleworth","Labour","Ruth Cadbury ","#dd0339"
"ChrisM4Chester","http://pbs.twimg.com/profile_images/859728409383116801/_YzRqBHa_normal.jpg",15916,"City of Chester","Labour","Christian Matheson ","#dd0339"
"GillFurnissMP","http://pbs.twimg.com/profile_images/938424882236444672/FPBY2Fl9_normal.jpg",7503,"Sheffield, Brightside and Hillsborough","Labour","Gill Furniss ","#dd0339"
"_OliviaBlake","http://pbs.twimg.com/profile_images/1197791951224999936/85x9gKNZ_normal.jpg",17707,"Sheffield, Hallam","Labour","Olivia Frances Blake","#dd0339"
"CPJElmore","http://pbs.twimg.com/profile_images/1280807319295713280/h1lovVb8_normal.jpg",14189,"Ogmore","Labour","Chris Elmore ","#dd0339"
"alancampbellmp","http://pbs.twimg.com/profile_images/606760278932488193/44L3mdhE_normal.jpg",7534,"Tynemouth","Labour","Alan Campbell ","#dd0339"
"IanMearnsMP","http://pbs.twimg.com/profile_images/3366987426/09850d0026ffc7e1d027bb8ea3f29f88_normal.jpeg",28506,"Gateshead","Labour","Ian Mearns ","#dd0339"
"Ed_Miliband","http://pbs.twimg.com/profile_images/859337943764410368/Jts3J7JI_normal.jpg",781756,"Doncaster North","Labour","Edward Miliband ","#dd0339"
"Christian4BuryS","http://pbs.twimg.com/profile_images/1513952889399619586/ABzbvpgo_normal.jpg",12374,"Bury South","Labour","Christian Wakeford","#dd0339"
"NadiaWhittomeMP","http://pbs.twimg.com/profile_images/1467814182485643264/4nFO8PXb_normal.jpg",103746,"Nottingham East","Labour","Nadia Whittome","#dd0339"
"SarahChampionMP","http://pbs.twimg.com/profile_images/604310468749053952/1u4fIf6f_normal.jpg",50464,"Rotherham","Labour","Sarah Champion ","#dd0339"
"DrRosena","http://pbs.twimg.com/profile_images/1491449385808506888/I8YoPGQ6_normal.jpg",206538,"Tooting","Labour","Dr Rosena Allin-Khan ","#dd0339"
"TracyBrabin","http://pbs.twimg.com/profile_images/1411226711992250368/n_OnxSPX_normal.jpg",67674,"Batley and Spen","Labour","Tracy Brabin ","#dd0339"
"jessicamordenmp","http://pbs.twimg.com/profile_images/1146045530847551489/oChP4mdc_normal.jpg",15161,"Newport East","Labour","Jessica Morden ","#dd0339"
"grahamemorris","http://pbs.twimg.com/profile_images/1313325691916746752/-8FThEEc_normal.jpg",32949,"Easington","Labour","Grahame Morris ","#dd0339"
"AlexDaviesJones","http://pbs.twimg.com/profile_images/1529460988449378306/vvZQaCGy_normal.jpg",9699,"Pontypridd","Labour","Alex Davies-Jones","#dd0339"
"IanMurrayMP","http://pbs.twimg.com/profile_images/1184447744217407489/-uI3vjXM_normal.jpg",33935,"Edinburgh South","Labour","Ian Murray ","#dd0339"
"rosie4westlancs","http://pbs.twimg.com/profile_images/671710952/Website_H_S_normal.jpg",14857,"West Lancashire","Labour","Rosie Cooper ","#dd0339"
"YvetteCooperMP","http://pbs.twimg.com/profile_images/598844620651495424/WrQ1Je4g_normal.jpg",375764,"Normanton, Pontefract and Castleford","Labour","Yvette Cooper ","#dd0339"
"MikeAmesburyMP","http://pbs.twimg.com/profile_images/1232632451173945345/Vt5nPCUa_normal.jpg",12176,"Weaver Vale","Labour","Mike Amesbury","#dd0339"
"lisanandy","http://pbs.twimg.com/profile_images/1242221937939689474/MqMEU5Ja_normal.jpg",261955,"Wigan","Labour","Lisa Nandy ","#dd0339"
"NavPMishra","http://pbs.twimg.com/profile_images/1224349015757684736/flS8JA2l_normal.jpg",12705,"Stockport","Labour","Nav Mishra","#dd0339"
"ToniaAntoniazzi","http://pbs.twimg.com/profile_images/1191617637681381377/Gwl9NbrB_normal.jpg",17925,"Gower","Labour","Tonia Antoniazzi","#dd0339"
"coyleneil","http://pbs.twimg.com/profile_images/1313514880784306177/KggJtBqv_normal.jpg",28878,"Bermondsey and Old Southwark","Labour","Neil Coyle ","#dd0339"
"ChiOnwurah","http://pbs.twimg.com/profile_images/1332330470676320256/BGnsHadk_normal.jpg",46383,"Newcastle upon Tyne Central","Labour","Chi Onwurah ","#dd0339"
"stellacreasy","http://pbs.twimg.com/profile_images/642771255322611713/3tyHPNW6_normal.jpg",157161,"Walthamstow","Labour","Stella Creasy ","#dd0339"
"KateOsamor","http://pbs.twimg.com/profile_images/1318685312965627905/IWpTVZbi_normal.jpg",35862,"Edmonton","Labour","Kate Osamor ","#dd0339"
"JudithCummins","http://pbs.twimg.com/profile_images/1225036961620135938/zRqRnROu_normal.jpg",15479,"Bradford South","Labour","Judith Cummins ","#dd0339"
"ACunninghamMP","http://pbs.twimg.com/profile_images/1367470769412972546/ZzDb2Cp0_normal.jpg",23604,"Stockton North","Labour","Alex Cunningham ","#dd0339"
"KateOsborneMP","http://pbs.twimg.com/profile_images/1390038110336081928/Q6PlxS0a_normal.jpg",15780,"Jarrow","Labour","Kate Osborne","#dd0339"
"GeraintDaviesMP","http://pbs.twimg.com/profile_images/1309953475908898818/wNuBegaK_normal.jpg",16311,"Swansea West","Labour","Geraint Davies ","#dd0339"
"IanByrneMP","http://pbs.twimg.com/profile_images/1194577386278404097/s0T4S62k_normal.jpg",37469,"Liverpool, West Derby","Labour","Ian Byrne","#dd0339"
"mtpennycook","http://pbs.twimg.com/profile_images/1494235368673185794/il55u-xv_normal.jpg",23966,"Greenwich and Woolwich","Labour","Matthew Pennycook ","#dd0339"
"PutneyFleur","http://pbs.twimg.com/profile_images/1001469991605108736/5jOeA8uA_normal.jpg",16618,"Putney","Labour","Fleur Anderson","#dd0339"
"tobyperkinsmp","http://pbs.twimg.com/profile_images/1529423353563561985/B9lTBToo_normal.jpg",29738,"Chesterfield","Labour","Toby Perkins ","#dd0339"
"DanCardenMP","http://pbs.twimg.com/profile_images/1476531771130974209/15H1kYqi_normal.jpg",53285,"Liverpool, Walton","Labour","Dan Carden","#dd0339"
"marykfoy","http://pbs.twimg.com/profile_images/1504763365150928899/4lFkq4_o_normal.jpg",15957,"City of Durham","Labour","Mary Foy","#dd0339"
"ThangamMP","http://pbs.twimg.com/profile_images/1468899051571720197/Dg6fEij8_normal.jpg",36220,"Bristol West","Labour","Thangam Debbonaire ","#dd0339"
"Bambos_MP","http://pbs.twimg.com/profile_images/953598380109893633/E6WaFUnG_normal.jpg",11858,"Enfield, Southgate","Labour","Bambos Charalambous","#dd0339"
"jessphillips","http://pbs.twimg.com/profile_images/1260498591619125249/084CLue2_normal.jpg",538215,"Birmingham, Yardley","Labour","Jess Phillips ","#dd0339"
"bphillipsonMP","http://pbs.twimg.com/profile_images/1466481012498649094/1oXnznmb_normal.jpg",50633,"Houghton and Sunderland South","Labour","Bridget Phillipson ","#dd0339"
"rach_hopkins","http://pbs.twimg.com/profile_images/1425847661937274880/vAWpEVbv_normal.jpg",9293,"Luton South","Labour","Rachel Hopkins","#dd0339"
"LucyMPowell","http://pbs.twimg.com/profile_images/1531674625595392001/v0_-dAZE_normal.jpg",63890,"Manchester Central","Labour","Lucy Powell ","#dd0339"
"MarshadeCordova","http://pbs.twimg.com/profile_images/1192482970302631937/6sfhKTSQ_normal.jpg",40714,"Battersea","Labour","Marsha de Cordova","#dd0339"
"SDoughtyMP","http://pbs.twimg.com/profile_images/1333566867940708353/FK1_-H5f_normal.jpg",36594,"Cardiff South and Penarth","Labour","Stephen Doughty ","#dd0339"
"TanDhesi","http://pbs.twimg.com/profile_images/887468500326940673/7edE62VN_normal.jpg",97850,"Slough","Labour","Tanmanjit Singh Dhesi","#dd0339"
"Peter_Dowd","http://pbs.twimg.com/profile_images/1253332005690830848/yxHBh_yo_normal.jpg",18428,"Bootle","Labour","Peter Dowd ","#dd0339"
"TaiwoOwatemi","http://pbs.twimg.com/profile_images/1238528605094887428/yX4udOUG_normal.jpg",21324,"Coventry North West","Labour","Taiwo Owatemi","#dd0339"
"JackDromeyMP","http://pbs.twimg.com/profile_images/567320835031961601/QQFeh_tc_normal.jpeg",25060,"Birmingham, Erdington","Labour","Jack Dromey ","#dd0339"
"AnnelieseDodds","http://pbs.twimg.com/profile_images/1333510250528432128/ArS4w65g_normal.jpg",77024,"Oxford East","Labour","Anneliese Dodds","#dd0339"
"KimJohnsonMP","http://pbs.twimg.com/profile_images/1444629177160847363/AEi2vHM0_normal.jpg",17623,"Liverpool, Riverside","Labour","Kim Johnson","#dd0339"
"YasminQureshiMP","http://pbs.twimg.com/profile_images/1499174693865234437/COJaA0Ez_normal.jpg",25440,"Bolton South East","Labour","Yasmin Qureshi ","#dd0339"
"AngelaRayner","http://pbs.twimg.com/profile_images/1509785979015548934/FFZs73vG_normal.jpg",497099,"Ashton-under-Lyne","Labour","Angela Rayner ","#dd0339"
"RosieDuffield1","http://pbs.twimg.com/profile_images/1193824065343119361/EIxUpJrX_normal.jpg",48694,"Canterbury","Labour","Rosie Duffield","#dd0339"
"angelaeagle","http://pbs.twimg.com/profile_images/378800000510974642/b36b11b60ed6d1fe287e4b07735b007e_normal.jpeg",81340,"Wallasey","Labour","Angela Eagle ","#dd0339"
"meaglemp","http://pbs.twimg.com/profile_images/859071427542233088/5Z1P76FK_normal.jpg",48197,"Garston and Halewood","Labour","Maria Eagle ","#dd0339"
"SteveReedMP","http://pbs.twimg.com/profile_images/1494687144304128002/inkPVTGR_normal.jpg",36442,"Croydon North","Labour","Steve Reed ","#dd0339"
"CliveEfford","http://pbs.twimg.com/profile_images/779755559138521088/AaADdo8p_normal.jpg",15412,"Eltham","Labour","Clive Efford ","#dd0339"
"Rees4Neath","http://pbs.twimg.com/profile_images/1280807493959106563/kZEXTaJZ_normal.jpg",12220,"Neath","Labour","Christina Rees ","#dd0339"
"JulieElliottMP","http://pbs.twimg.com/profile_images/1194354407661375488/EHnVmJjX_normal.jpg",22193,"Sunderland Central","Labour","Julie Elliott ","#dd0339"
"RachelReevesMP","http://pbs.twimg.com/profile_images/1460191760139837440/IqiNDFY7_normal.jpg",136994,"Leeds West","Labour","Rachel Reeves ","#dd0339"
"jreynoldsMP","http://pbs.twimg.com/profile_images/1246828079143665666/yJq-JC8Y_normal.jpg",54089,"Stalybridge and Hyde","Labour","Jonathan Reynolds ","#dd0339"
"zarahsultana","http://pbs.twimg.com/profile_images/1220077084984344576/xYLp_MPN_normal.jpg",254548,"Coventry South","Labour","Zarah Sultana","#dd0339"
"Bill_Esterson","http://pbs.twimg.com/profile_images/1515686046918451204/rcBZxsyP_normal.jpg",39249,"Sefton Central","Labour","Bill Esterson ","#dd0339"
"PreetKGillMP","http://pbs.twimg.com/profile_images/1164084323563311104/oH9FDygG_normal.jpg",41271,"Birmingham, Edgbaston","Labour","Preet Gill","#dd0339"
"SamTarry","http://pbs.twimg.com/profile_images/1259932519664889858/leR6C9B-_normal.jpg",22394,"Ilford South","Labour","Sam Tarry","#dd0339"
"GlindonMary","http://pbs.twimg.com/profile_images/1257299244991442952/Lo-03ykP_normal.png",1291,"North Tyneside","Labour","Mary Glindon","#dd0339"
"FeryalClark","http://pbs.twimg.com/profile_images/1270301673102233600/vzfPb3ik_normal.jpg",12040,"Enfield North","Labour","Feryal Clark","#dd0339"
"NazShahBfd","http://pbs.twimg.com/profile_images/1311994174061895681/XmS114k8_normal.jpg",59112,"Bradford West","Labour","Naz Shah ","#dd0339"
"MickWhitleyMP","http://pbs.twimg.com/profile_images/1225024862374236161/5BpIXSzi_normal.jpg",12864,"Birkenhead","Labour","Mick Whitley","#dd0339"
"BethWinterMP","http://pbs.twimg.com/profile_images/1191998193929785346/XCSXSsty_normal.jpg",11917,"Cynon Valley","Labour","Beth Winter","#dd0339"
"VirendraSharma","http://pbs.twimg.com/profile_images/1455884529999261700/FV4ZRIJ8_normal.jpg",20308,"Ealing, Southall","Labour","Virendra Sharma ","#dd0339"
"BarrySheerman","http://pbs.twimg.com/profile_images/600237080493568000/rdvy7KEK_normal.jpg",23799,"Huddersfield","Labour","Barry Sheerman ","#dd0339"
"Y_FovargueMP","http://pbs.twimg.com/profile_images/1240628943637667841/39bCOR9o_normal.jpg",14186,"Makerfield","Labour","Yvonne Fovargue ","#dd0339"
"FabianLeedsNE","http://pbs.twimg.com/profile_images/1245304890135642112/9Rfhty2l_normal.jpg",7167,"Leeds North East","Labour","Fabian Hamilton","#dd0339"
"EmmaHardyMP","http://pbs.twimg.com/profile_images/1310521500492062723/zEcLSaCZ_normal.jpg",30130,"Kingston upon Hull West and Hessle","Labour","Emma Hardy","#dd0339"
"jamesmurray_ldn","http://pbs.twimg.com/profile_images/1188441745425653763/2-CDY_9__normal.jpg",9418,"Ealing North","Labour","James Murray","#dd0339"
"vickyfoxcroft","http://pbs.twimg.com/profile_images/1206192363632242698/xRuD_lx2_normal.jpg",22767,"Lewisham, Deptford","Labour","Vicky Foxcroft ","#dd0339"
"abenaopp","http://pbs.twimg.com/profile_images/1186944190724395008/3zR_NcuZ_normal.jpg",18744,"Erith and Thamesmead","Labour","Abena Oppong-Asare","#dd0339"
"PaulaBarkerMP","http://pbs.twimg.com/profile_images/1224645766565781504/RC3zp2Hi_normal.jpg",16345,"Liverpool, Wavertree","Labour","Paula Barker","#dd0339"
"TulipSiddiq","http://pbs.twimg.com/profile_images/1040008825850540032/l2srGOsC_normal.jpg",195144,"Hampstead and Kilburn","Labour","Tulip Siddiq ","#dd0339"
"hammersmithandy","http://pbs.twimg.com/profile_images/889433861381292032/sP-FBRUc_normal.jpg",25987,"Hammersmith","Labour","Andy Slaughter ","#dd0339"
"BarryGardiner","http://pbs.twimg.com/profile_images/1404917812414590976/jKWXtnCT_normal.jpg",94295,"Brent North","Labour","Barry Gardiner ","#dd0339"
"CatSmithMP","http://pbs.twimg.com/profile_images/1466141735701073921/Kbzv54cT_normal.jpg",43285,"Lancaster and Fleetwood","Labour","Cat Smith ","#dd0339"
"ApsanaBegumMP","http://pbs.twimg.com/profile_images/1477090293786812417/hag-yuEU_normal.jpg",37890,"Poplar and Limehouse","Labour","Apsana Begum","#dd0339"
"JeffSmithetc","http://pbs.twimg.com/profile_images/1473592057327501312/AU5-0Srz_normal.jpg",11587,"Manchester, Withington","Labour","Jeff Smith ","#dd0339"
"BellRibeiroAddy","http://pbs.twimg.com/profile_images/1196793948574035968/j2sk3lPb_normal.jpg",61487,"Streatham","Labour","Bell Ribeiro-Addy","#dd0339"
"BlaenauGwentMP","http://pbs.twimg.com/profile_images/1067447020464603136/ZIuyvgC3_normal.jpg",10943,"Blaenau Gwent","Labour","Nick Smith ","#dd0339"
"charlotte2153","http://pbs.twimg.com/profile_images/1498015424335781893/EpdCyIbP_normal.jpg",24115,"Warrington North","Labour","Charlotte Nichols","#dd0339"
"karinsmyth","http://pbs.twimg.com/profile_images/1370146092885639172/9tnunyAO_normal.jpg",14674,"Bristol South","Labour","Karin Smyth ","#dd0339"
"darrenpjones","http://pbs.twimg.com/profile_images/1412154687294525446/4HdwpCMM_normal.jpg",32525,"Bristol North West","Labour","Darren Jones","#dd0339"
"LabourSJ","http://pbs.twimg.com/profile_images/1290530480199217153/quY6sSnU_normal.jpg",23426,"Croydon Central","Labour","Sarah Jones","#dd0339"
"spellar","http://pbs.twimg.com/profile_images/1206882759257534464/5FMjEEhL_normal.jpg",12018,"Warley","Labour","John Spellar ","#dd0339"
"Afzal4Gorton","http://pbs.twimg.com/profile_images/1501203628773842951/z0yZPwat_normal.jpg",34064,"Manchester, Gorton","Labour","Afzal Khan","#dd0339"
"Keir_Starmer","http://pbs.twimg.com/profile_images/1323314457892790276/EfBgm41w_normal.jpg",1235739,"Holborn and St Pancras","Labour","Keir Starmer ","#dd0339"
"JoStevensLabour","http://pbs.twimg.com/profile_images/1392431694096084993/rx_6l23Y_normal.jpg",34721,"Cardiff Central","Labour","Jo Stevens ","#dd0339"
"wesstreeting","http://pbs.twimg.com/profile_images/1493922598459265029/f7y_TwBC_normal.jpg",134174,"Ilford North","Labour","Wes Streeting ","#dd0339"
"KateGreenSU","http://pbs.twimg.com/profile_images/1347492484037931008/FsnBgxoo_normal.jpg",50987,"Stretford and Urmston","Labour","Kate Green ","#dd0339"
"LilianGreenwood","http://pbs.twimg.com/profile_images/1072275226677964800/FOBwqtIs_normal.jpg",30434,"Nottingham South","Labour","Lilian Greenwood ","#dd0339"
"MGreenwoodWW","http://pbs.twimg.com/profile_images/590984274465140738/JcOy-bsL_normal.jpg",22384,"Wirral West","Labour","Margaret Greenwood ","#dd0339"
"NiaGriffithMP","http://pbs.twimg.com/profile_images/893418016809127936/DI0lUEwL_normal.jpg",18851,"Llanelli","Labour","Nia Griffith ","#dd0339"
"tony4rochdale","http://pbs.twimg.com/profile_images/1458140067038388232/S6nFFUpI_normal.jpg",9443,"Rochdale","Labour","Tony Lloyd","#dd0339"
"MarkTamiMP","http://pbs.twimg.com/profile_images/968833750342782977/hAxRVe0s_normal.jpg",10225,"Alyn and Deeside","Labour","Mark Tami ","#dd0339"
"RLong_Bailey","http://pbs.twimg.com/profile_images/1214313492855083009/BAQgnhZ8_normal.jpg",192638,"Salford and Eccles","Labour","Rebecca Long-Bailey","#dd0339"
"GwynneMP","http://pbs.twimg.com/profile_images/1280244550141988910/u4v1OZx4_normal.jpg",52156,"Denton and Reddish","Labour","Andrew Gwynne ","#dd0339"
"GarethThomasMP","http://pbs.twimg.com/profile_images/874574664454090753/npYtmJb8_normal.jpg",17851,"Harrow West","Labour","Gareth Thomas ","#dd0339"
"NickTorfaen","http://pbs.twimg.com/profile_images/1420059991784964100/kSLddyHB_normal.jpg",34666,"Torfaen","Labour","Nick Thomas-Symonds ","#dd0339"
"LouHaigh","http://pbs.twimg.com/profile_images/1149025544291389441/b418qn1X_normal.jpg",54635,"Sheffield, Heeley","Labour","Louise Haigh ","#dd0339"
"EmilyThornberry","http://pbs.twimg.com/profile_images/1446231256052731905/octqXaR9_normal.jpg",248835,"Islington South and Finsbury","Labour","Emily Thornberry ","#dd0339"
"stephenctimms","http://pbs.twimg.com/profile_images/753845653080387586/RO02Qnb8_normal.jpg",19422,"East Ham","Labour","Stephen Timms ","#dd0339"
"AnnaMcMorrin","http://pbs.twimg.com/profile_images/1396493762826838016/O7Gx8ipH_normal.jpg",18398,"Cardiff North","Labour","Anna McMorrin","#dd0339"
"HarrietHarman","http://pbs.twimg.com/profile_images/506846974654418944/ezDmdhBT_normal.jpeg",189276,"Camberwell and Peckham","Labour","Harriet Harman QC ","#dd0339"
"jon_trickett","http://pbs.twimg.com/profile_images/1347224326555230208/DrXRDfKN_normal.jpg",92946,"Hemsworth","Labour","Jon Trickett ","#dd0339"
"StephenMorganMP","http://pbs.twimg.com/profile_images/1327338832929361926/2NjaIgvp_normal.jpg",16739,"Portsmouth South","Labour","Stephen Morgan","#dd0339"
"carolynharris24","http://pbs.twimg.com/profile_images/1280807603099045888/ykgLneaM_normal.jpg",32169,"Swansea East","Labour","Carolyn Harris ","#dd0339"
"AlexNorrisNN","http://pbs.twimg.com/profile_images/1270300687952498688/G6hCfBCd_normal.jpg",8498,"Nottingham North","Labour","Alex Norris","#dd0339"
"KarlTurnerMP","http://pbs.twimg.com/profile_images/1507480584003727361/MnIcWYWr_normal.jpg",43760,"Kingston upon Hull East","Labour","Karl Turner ","#dd0339"
"helenhayes_","http://pbs.twimg.com/profile_images/1472971963794608132/ky6RPMjA_normal.jpg",26412,"Dulwich and West Norwood","Labour","Helen Hayes ","#dd0339"
"DerekTwiggMP","http://pbs.twimg.com/profile_images/1347871269132382208/WGnDOHsO_normal.jpg",7044,"Halton","Labour","Derek Twigg ","#dd0339"
"JohnHealey_MP","http://pbs.twimg.com/profile_images/1872957133/John_Healey_MP__European_Community__2009_normal.jpeg",32687,"Wentworth and Dearne","Labour","John Healey ","#dd0339"
"Steph_Peacock","http://pbs.twimg.com/profile_images/1532399603429015553/DhI-mAc2_normal.jpg",10750,"Barnsley East","Labour","Stephanie Peacock","#dd0339"
"Valerie_VazMP","http://pbs.twimg.com/profile_images/1429444684485734410/OidAPjh1_normal.jpg",8459,"Walsall South","Labour","Valerie Vaz ","#dd0339"
"LukePollard","http://pbs.twimg.com/profile_images/800385117558546432/m3I27xh4_normal.jpg",42641,"Plymouth, Sutton and Devonport","Labour","Luke Pollard","#dd0339"
"Meg_HillierMP","http://pbs.twimg.com/profile_images/798554303128543232/sgHXib6B_normal.jpg",20883,"Hackney South and Shoreditch","Labour","Meg Hillier ","#dd0339"
"margarethodge","http://pbs.twimg.com/profile_images/1526521497497526275/EdRVWmuF_normal.jpg",54286,"Barking","Labour","Margaret Hodge ","#dd0339"
"CatherineWest1","http://pbs.twimg.com/profile_images/1206971201492594695/OOOtMQhy_normal.jpg",33086,"Hornsey and Wood Green","Labour","Catherine West ","#dd0339"
"SharonHodgsonMP","http://pbs.twimg.com/profile_images/1191320107819118593/G6C38nOk_normal.jpg",34860,"Washington and Sunderland West","Labour","Sharon Hodgson ","#dd0339"
"elliereeves","http://pbs.twimg.com/profile_images/857255876746465280/yDefMHtL_normal.jpg",25524,"Lewisham West and Penge","Labour","Ellie Reeves","#dd0339"
"Kate_HollernMP","http://pbs.twimg.com/profile_images/756437923050979328/UfEMt6GJ_normal.jpg",10309,"Blackburn","Labour","Kate Hollern ","#dd0339"
"alanwhiteheadmp","http://pbs.twimg.com/profile_images/648812422963314688/r2QoEfF0_normal.png",8650,"Southampton, Test","Labour","Dr Alan Whitehead ","#dd0339"
"MattRodda","http://pbs.twimg.com/profile_images/1206598995306524677/8AVh6-lU_normal.jpg",7415,"Reading East","Labour","Matt Rodda","#dd0339"
"lloyd_rm","http://pbs.twimg.com/profile_images/744456208380223488/AsSF2ITn_normal.jpg",31961,"Brighton, Kemptown","Labour","Lloyd Russell-Moyle","#dd0339"
"RupaHuq","http://pbs.twimg.com/profile_images/1241851473157292035/KzpX9Yw__normal.jpg",49416,"Ealing Central and Acton","Labour","Dr Rupa Huq ","#dd0339"
"Imran_HussainMP","http://pbs.twimg.com/profile_images/1526987894799355904/aBe9EjnF_normal.jpg",22279,"Bradford East","Labour","Imran Hussain ","#dd0339"
"alexsobel","http://pbs.twimg.com/profile_images/1496844462009589766/XiEoE1Lf_normal.jpg",25967,"Leeds North West","Labour","Alex Sobel","#dd0339"
"DanJarvisMP","http://pbs.twimg.com/profile_images/1478821479752118272/zbFqvqMa_normal.jpg",74754,"Barnsley Central","Labour","Dan Jarvis ","#dd0339"
"DanielZeichner","http://pbs.twimg.com/profile_images/861267592664801285/aIj30KPQ_normal.jpg",21592,"Cambridge","Labour","Daniel Zeichner ","#dd0339"
"JonCruddas_1","http://pbs.twimg.com/profile_images/1845635274/jon_photo_for_facebook_and_twitter_normal.jpg",21825,"Dagenham and Rainham","Labour","Jon Cruddas ","#dd0339"
"DianaJohnsonMP","http://pbs.twimg.com/profile_images/1525452262520377344/LetS81Kw_normal.jpg",29752,"Kingston upon Hull North","Labour","Diana Johnson ","#dd0339"
"LizTwistMP","http://pbs.twimg.com/profile_images/1330806204889784320/ee-B99MI_normal.jpg",4704,"Blaydon","Labour","Liz Twist","#dd0339"
"GeraldJonesLAB","http://pbs.twimg.com/profile_images/1492978683841323014/vuXw62dG_normal.jpg",7889,"Merthyr Tydfil and Rhymney","Labour","Gerald Jones ","#dd0339"
"RhonddaBryant","http://pbs.twimg.com/profile_images/1521130828482363392/0GXQOzKt_normal.jpg",183621,"Rhondda","Labour","Chris Bryant ","#dd0339"
"KevanJonesMP","http://pbs.twimg.com/profile_images/2605756457/k0giusdyk5lkaj5hy93t_normal.jpeg",23589,"North Durham","Labour","Kevan Jones ","#dd0339"
"MikeKaneMP","http://pbs.twimg.com/profile_images/1195358922380591105/u6sYVZeM_normal.jpg",12350,"Wythenshawe and Sale East","Labour","Mike Kane ","#dd0339"
"khalid4PB","http://pbs.twimg.com/profile_images/1529490849524068356/B3BkfhFz_normal.jpg",7233,"Birmingham, Perry Barr","Labour","Khalid Mahmood","#dd0339"
"MattWestern_","http://pbs.twimg.com/profile_images/1254896774457757699/IarsNv_x_normal.jpg",12103,"Warwick and Leamington","Labour","Matt Western","#dd0339"
"KeeleyMP","http://pbs.twimg.com/profile_images/1069267363395186688/VaLrNLEp_normal.jpg",27232,"Worsley and Eccles South","Labour","Barbara Keeley ","#dd0339"
"leicesterliz","http://pbs.twimg.com/profile_images/987357217174315011/e2mnXLXO_normal.jpg",96546,"Leicester West","Labour","Liz Kendall ","#dd0339"
"YasinForBedford","http://pbs.twimg.com/profile_images/1517177001781743617/0hwJNiyU_normal.jpg",3314,"Bedford","Labour","Mohammad Yasin","#dd0339"
"SKinnock","http://pbs.twimg.com/profile_images/1431281378813952012/_Fk82818_normal.jpg",37114,"Aberavon","Labour","Stephen Kinnock ","#dd0339"
"JanetDaby","http://pbs.twimg.com/profile_images/1014214106545573888/innDkcan_normal.jpg",12604,"Lewisham East","Labour","Janet Daby","#dd0339"
"peterkyle","http://pbs.twimg.com/profile_images/691294907353448450/zYUfWFu3_normal.jpg",51744,"Hove","Labour","Peter Kyle ","#dd0339"
"RuthNewportWest","http://pbs.twimg.com/profile_images/1473705287957848070/a6BgXxdm_normal.jpg",7570,"Newport West","Labour","Ruth Jones","#dd0339"
"MargaretFerrier","http://pbs.twimg.com/profile_images/1408527088760627202/LtI5vS6F_normal.jpg",15998,"Rutherglen and Hamilton West","Independent","Margaret Ferrier ","#cccccc"
"jeremycorbyn","http://pbs.twimg.com/profile_images/1351939685900288007/lcoCyR7S_normal.jpg",2464893,"Islington North","Independent","Jeremy Corbyn ","#cccccc"
"ClaudiaWebbe","http://pbs.twimg.com/profile_images/1250040438687440896/BOlbgGQR_normal.jpg",68990,"Leicester East","Independent","Claudia Webbe","#cccccc"
"CarolineLucas","http://pbs.twimg.com/profile_images/772740003856343040/5eGrmUPp_normal.jpg",571143,"Brighton, Pavilion","Green Party","Caroline Lucas ","#66ab21"
"eastantrimmp","http://pbs.twimg.com/profile_images/1435327568966737921/JuUeU-ej_normal.jpg",23834,"East Antrim","Democratic Unionist Party","Sammy Wilson ","#c2282a"
"carlalockhart","http://pbs.twimg.com/profile_images/1257266179556720640/eJD9gyzT_normal.jpg",12414,"Upper Bann","Democratic Unionist Party","Carla Lockhart","#c2282a"
"JimShannonMP","http://pbs.twimg.com/profile_images/1422193262148923398/x9E0SLIf_normal.jpg",4396,"Strangford","Democratic Unionist Party","Jim Shannon ","#c2282a"
"J_Donaldson_MP","http://pbs.twimg.com/profile_images/1411648944246034437/qDvWKqm3_normal.jpg",30140,"Lagan Valley","Democratic Unionist Party","Jeffrey M. Donaldson ","#c2282a"
"GRobinsonDUP","http://pbs.twimg.com/profile_images/536848317892685825/wqgYmZo2_normal.jpeg",15031,"Belfast East","Democratic Unionist Party","Gavin Robinson ","#c2282a"
"PaulGirvanMP","http://pbs.twimg.com/profile_images/1347220116400992261/JBVRzYyi_normal.jpg",6544,"South Antrim","Democratic Unionist Party","Paul Girvan","#c2282a"
"CSkidmoreUK","http://pbs.twimg.com/profile_images/1445746515280994317/TbG6Qgrf_normal.jpg",23940,"Kingswood","Conservative","Chris Skidmore","#018fda"
"Pauline_Latham","http://pbs.twimg.com/profile_images/1524353047857672193/ZUkvLA6__normal.jpg",21743,"Mid Derbyshire","Conservative","Pauline Latham ","#018fda"
"AdamAfriyie","http://pbs.twimg.com/profile_images/3404488441/d21c7f4c19f6fbb53ce5b9fcc3abfb16_normal.jpeg",17509,"Windsor","Conservative","Adam Afriyie ","#018fda"
"gaganmohindra","http://pbs.twimg.com/profile_images/1448938217361772566/TyuXU1QX_normal.jpg",4637,"South West Hertfordshire","Conservative","Gagan Mohindra","#018fda"
"Dunne4Ludlow","http://pbs.twimg.com/profile_images/1191773491869159424/1azaU0Yl_normal.jpg",12775,"Ludlow","Conservative","Philip Dunne","#018fda"
"paulbristow79","http://pbs.twimg.com/profile_images/1452552412229738496/BJzjfwpB_normal.jpg",10187,"Peterborough","Conservative","Paul Bristow","#018fda"
"peter_aldous","http://pbs.twimg.com/profile_images/1191661104499437570/pDT0Pz_R_normal.jpg",14118,"Waveney","Conservative","Peter Aldous ","#018fda"
"andrealeadsom","http://pbs.twimg.com/profile_images/797057519445245953/GJIGQAG2_normal.jpg",125119,"South Northamptonshire","Conservative","Andrea Leadsom ","#018fda"
"S_Hammond","http://pbs.twimg.com/profile_images/1191784727952449536/vHu_niUi_normal.jpg",20285,"Wimbledon","Conservative","Stephen Hammond","#018fda"
"trussliz","http://pbs.twimg.com/profile_images/1514636699946602499/hUoOgAOz_normal.jpg",232030,"South West Norfolk","Conservative","Elizabeth Truss ","#018fda"
"RobinMillarMP","http://pbs.twimg.com/profile_images/1194759918529765379/amYDBjdF_normal.jpg",3861,"Aberconwy","Conservative","Robin John Millar","#018fda"
"lucyallan","http://pbs.twimg.com/profile_images/1494967137118609411/fmgHas27_normal.jpg",31339,"Telford","Conservative","Lucy Allan ","#018fda"
"EdwardLeighMP","http://pbs.twimg.com/profile_images/935475695345700866/6C0nyKQD_normal.jpg",15991,"Gainsborough","Conservative","Edward Leigh ","#018fda"
"NorwichChloe","http://pbs.twimg.com/profile_images/1287680931449524224/nwu5RgJs_normal.jpg",20384,"Norwich North","Conservative","Chloe Smith","#018fda"
"BrineMP","http://pbs.twimg.com/profile_images/1363829470776459267/I1-7YeLU_normal.jpg",12115,"Winchester","Conservative","Steve Brine","#018fda"
"Marcus4Nuneaton","http://pbs.twimg.com/profile_images/755158394403688449/dQ3V7PEm_normal.jpg",10236,"Nuneaton","Conservative","Marcus Jones ","#018fda"
"JohnnyMercerUK","http://pbs.twimg.com/profile_images/1432050071814684673/D0MLPx2T_normal.jpg",118082,"Plymouth, Moor View","Conservative","Johnny Mercer ","#018fda"
"carolinenokes","http://pbs.twimg.com/profile_images/1331155646067200000/hJRs22KO_normal.jpg",26994,"Romsey and Southampton North","Conservative","Caroline Nokes","#018fda"
"Caroline_Ansell","http://pbs.twimg.com/profile_images/1185162675904503808/tVYl2dSB_normal.jpg",6123,"Eastbourne","Conservative","Caroline Ansell ","#018fda"
"GregClarkMP","http://pbs.twimg.com/profile_images/856460728865259520/HjPl0BWE_normal.jpg",32634,"Tunbridge Wells","Conservative","Greg Clark","#018fda"
"BrandonLewis","http://pbs.twimg.com/profile_images/1473936762137362443/nWH2xruu_normal.jpg",61593,"Great Yarmouth","Conservative","Brandon Lewis ","#018fda"
"JakeBerry","http://pbs.twimg.com/profile_images/1461087379100422153/MIXNdoR-_normal.jpg",20541,"Rossendale and Darwen","Conservative","Jake Berry ","#018fda"
"JaneMHunt","http://pbs.twimg.com/profile_images/1453723807667998732/JlG9VYVO_normal.jpg",3569,"Loughborough","Conservative","Jane Hunt","#018fda"
"hbaldwin","http://pbs.twimg.com/profile_images/1218594201270657026/QBirsYMq_normal.jpg",28392,"West Worcestershire","Conservative","Harriett Baldwin ","#018fda"
"SteveBarclay","http://pbs.twimg.com/profile_images/1438801272883265537/8iNf6x4S_normal.jpg",37985,"North East Cambridgeshire","Conservative","Stephen Barclay ","#018fda"
"DerekThomasUK","http://pbs.twimg.com/profile_images/1110493671194013696/YYhNeBjW_normal.png",6195,"St Ives","Conservative","Derek Thomas ","#018fda"
"JackLopresti","http://pbs.twimg.com/profile_images/1354424108394684421/RCmW6cSc_normal.jpg",9430,"Filton and Bradley Stoke","Conservative","Jack Lopresti ","#018fda"
"timloughton","http://pbs.twimg.com/profile_images/1499466809359097866/JSeACgab_normal.jpg",22350,"East Worthing and Shoreham","Conservative","Tim Loughton ","#018fda"
"KieranMullanUK","http://pbs.twimg.com/profile_images/1504963430071115777/kUhbFrel_normal.jpg",4809,"Crewe and Nantwich","Conservative","Kieran John Mullan","#018fda"
"SteveBakerHW","http://pbs.twimg.com/profile_images/1363543028351254528/YRyk0hsO_normal.jpg",154588,"Wycombe","Conservative","Steven Baker ","#018fda"
"JamesDalyMP","http://pbs.twimg.com/profile_images/1240284431203684354/jD8EauyZ_normal.jpg",6003,"Bury North","Conservative","James Daly","#018fda"
"theodoraclarke","http://pbs.twimg.com/profile_images/1455560501270913039/bMkDfTTp_normal.jpg",8915,"Stafford","Conservative","Theo Clarke","#018fda"
"DehennaDavison","http://pbs.twimg.com/profile_images/1446492263736020992/55__dAXF_normal.jpg",51933,"Bishop Auckland","Conservative","Dehenna Davison","#018fda"
"pauljholmes","http://pbs.twimg.com/profile_images/1369677875834675203/26ORmUW8_normal.jpg",7822,"Eastleigh","Conservative","Paul Holmes","#018fda"
"BobBlackman","http://pbs.twimg.com/profile_images/852477831028330497/0BJVb-Du_normal.jpg",33315,"Harrow East","Conservative","Bob Blackman ","#018fda"
"JasonMcCartney","http://pbs.twimg.com/profile_images/1259533174050349056/c3A4Cy25_normal.jpg",18109,"Colne Valley","Conservative","Jason McCartney ","#018fda"
"drlukeevans","http://pbs.twimg.com/profile_images/1457741401400225798/M8h3rIgM_normal.jpg",9781,"Bosworth","Conservative","Luke Evans","#018fda"
"karlmccartney","http://pbs.twimg.com/profile_images/1244006756222672896/BZ4CSA0y_normal.jpg",11596,"Lincoln","Conservative","Karl McCartney ","#018fda"
"JamesDavies","http://pbs.twimg.com/profile_images/513040832304513025/K6khQ0W6_normal.jpeg",6260,"Vale of Clwyd","Conservative","James Davies","#018fda"
"dean4watford","http://pbs.twimg.com/profile_images/1500790501750026241/vo7b4h48_normal.jpg",4651,"Watford","Conservative","Dean Russell","#018fda"
"JacobYoungMP","http://pbs.twimg.com/profile_images/1516153211408764930/Q4ZDeQdj_normal.jpg",11832,"Redcar","Conservative","Jacob Young","#018fda"
"CrispinBlunt","http://pbs.twimg.com/profile_images/378800000567091915/221904fe767cfeec22082d1394e94b21_normal.jpeg",12570,"Reigate","Conservative","Crispin Blunt ","#018fda"
"simonfell","http://pbs.twimg.com/profile_images/1470876074351501315/MrlXygtl_normal.jpg",4784,"Barrow and Furness","Conservative","Simon Fell","#018fda"
"markjenkinsonmp","http://pbs.twimg.com/profile_images/1501231818376458244/5s8VSHT-_normal.jpg",10814,"Workington","Conservative","Mark Jenkinson","#018fda"
"PeterBoneUK","http://pbs.twimg.com/profile_images/1135471287516590080/Zkux65kk_normal.png",44648,"Wellingborough","Conservative","Peter Bone ","#018fda"
"K_Fletcher_MP","http://pbs.twimg.com/profile_images/1422969484508270592/Lo6PcmeL_normal.jpg",4949,"South Ribble","Conservative","Katherine Fletcher","#018fda"
"ChrisClarksonMP","http://pbs.twimg.com/profile_images/1235268291918168064/ZjDMrmrR_normal.jpg",6765,"Heywood and Middleton","Conservative","Chris Clarkson","#018fda"
"jogideon","http://pbs.twimg.com/profile_images/1517962673601847298/Zz1Y4DhW_normal.jpg",5479,"Stoke-on-Trent Central","Conservative","Jo Gideon","#018fda"
"cmackinlay","http://pbs.twimg.com/profile_images/1308557533745995777/dpJmG5mJ_normal.jpg",13281,"South Thanet","Conservative","Craig Mackinlay ","#018fda"
"JulieMarsonMP","http://pbs.twimg.com/profile_images/1492089559764684803/1JQ447f3_normal.jpg",4882,"Hertford and Stortford","Conservative","Julie Marson","#018fda"
"ABridgen","http://pbs.twimg.com/profile_images/750666654862958592/U1Z49xCm_normal.jpg",43005,"North West Leicestershire","Conservative","Andrew Bridgen ","#018fda"
"RicHolden","http://pbs.twimg.com/profile_images/1195023767703040000/xMWac9AF_normal.jpg",10338,"North West Durham","Conservative","Richard Holden","#018fda"
"SelaineSaxby","http://pbs.twimg.com/profile_images/1498794923537141761/PbVbtznk_normal.jpg",4907,"North Devon","Conservative","Selaine Saxby","#018fda"
"SMcPartland","http://pbs.twimg.com/profile_images/1326840001624150017/qKjhqSRf_normal.jpg",16522,"Stevenage","Conservative","Stephen McPartland ","#018fda"
"DavidDavisMP","http://pbs.twimg.com/profile_images/1332357320085549059/guZAZFox_normal.jpg",188659,"Haltemprice and Howden","Conservative","David Davis ","#018fda"
"DarrenG_Henry","http://pbs.twimg.com/profile_images/1334887837502672896/UxsEI8nj_normal.jpg",10751,"Broxtowe","Conservative","Darren George Henry","#018fda"
"JBrokenshire","http://pbs.twimg.com/profile_images/1259423021535813633/zCTTC_6s_normal.jpg",30840,"Old Bexley and Sidcup","Conservative","James Brokenshire ","#018fda"
"GuyOpperman","http://pbs.twimg.com/profile_images/1350127381525180419/MWLLS8bU_normal.jpg",22849,"Hexham","Conservative","Guy Opperman ","#018fda"
"FelicityBuchan","http://pbs.twimg.com/profile_images/1191747095755132929/VWobosP-_normal.jpg",7231,"Kensington","Conservative","Felicity Buchan","#018fda"
"Matt_VickersMP","http://pbs.twimg.com/profile_images/1258356111905886208/O_x93pYA_normal.jpg",7109,"Stockton South","Conservative","Matt Vickers","#018fda"
"AlanMakMP","http://pbs.twimg.com/profile_images/875313205593206784/MLIKATL2_normal.jpg",10559,"Havant","Conservative","Alan Mak ","#018fda"
"StuartAndrew","http://pbs.twimg.com/profile_images/1499028032853581830/goDGyHN6_normal.jpg",20302,"Pudsey","Conservative","Stuart Andrew","#018fda"
"GarethBaconMP","http://pbs.twimg.com/profile_images/1491548699406835716/oP9TrklJ_normal.jpg",6223,"Orpington","Conservative","Gareth Bacon","#018fda"
"RobertBuckland","http://pbs.twimg.com/profile_images/1376859635500605442/yHv_uSHe_normal.jpg",30533,"South Swindon","Conservative","Robert Buckland ","#018fda"
"joymorrissey","http://pbs.twimg.com/profile_images/1220889892844077056/-1ENnOEQ_normal.jpg",18743,"Beaconsfield","Conservative","Joy Morrissey","#018fda"
"kitmalthouse","http://pbs.twimg.com/profile_images/1507648354888699905/Ld0olrdz_normal.jpg",18431,"North West Hampshire","Conservative","Kit Malthouse ","#018fda"
"mark4dewsbury","http://pbs.twimg.com/profile_images/1081610474070917121/8CbeTsQ8_normal.jpg",5374,"Dewsbury","Conservative","Mark Eastwood","#018fda"
"scottmann4NC","http://pbs.twimg.com/profile_images/1506565415199256581/aPy_QlCT_normal.jpg",9175,"North Cornwall","Conservative","Scott Mann ","#018fda"
"lrobertsonTewks","http://pbs.twimg.com/profile_images/659323303589511169/mOZresRX_normal.jpg",4871,"Tewkesbury","Conservative","Laurence Robertson ","#018fda"
"JamieWallisMP","http://pbs.twimg.com/profile_images/1209788896931975168/7A6IRhVa_normal.jpg",8116,"Bridgend","Conservative","Jamie Hamilton Wallis","#018fda"
"CWhittaker_MP","http://pbs.twimg.com/profile_images/1192078896625262593/3aWw5SeC_normal.jpg",9893,"Calder Valley","Conservative","Craig Whittaker ","#018fda"
"GarySambrook89","http://pbs.twimg.com/profile_images/1206604774365442049/6G1-_xgY_normal.jpg",5604,"Birmingham, Northfield","Conservative","Gary Sambrook","#018fda"
"Q66Suzi","http://pbs.twimg.com/profile_images/878928185890672640/k3KMXr7L_normal.jpg",5168,"Stourbridge","Conservative","Suzanne Webb","#018fda"
"pritipatel","http://pbs.twimg.com/profile_images/1497586160910147586/qaA9xFzw_normal.jpg",400329,"Witham","Conservative","Priti Patel ","#018fda"
"AlunCairns","http://pbs.twimg.com/profile_images/887767472920776708/uISgKo6q_normal.jpg",14072,"Vale of Glamorgan","Conservative","Alun Cairns ","#018fda"
"PaulMaynardUK","http://pbs.twimg.com/profile_images/584611420052004864/sWGydCwV_normal.jpg",19268,"Blackpool North and Cleveleys","Conservative","Paul Maynard ","#018fda"
"michaelgove","http://pbs.twimg.com/profile_images/1143081469969096704/5ovqIK49_normal.jpg",239488,"Surrey Heath","Conservative","Michael Gove ","#018fda"
"theresa_may","http://pbs.twimg.com/profile_images/936639677121081344/_e5l_DEG_normal.jpg",1009566,"Maidenhead","Conservative","Theresa May ","#018fda"
"HuwMerriman","http://pbs.twimg.com/profile_images/757975798330556416/HD-af0Sq_normal.jpg",20842,"Bexhill and Battle","Conservative","Huw Merriman ","#018fda"
"garystreeterSWD","http://pbs.twimg.com/profile_images/1187370583933247490/8iFLa9tl_normal.jpg",5611,"South West Devon","Conservative","Gary Streeter ","#018fda"
"Jacob_Rees_Mogg","http://pbs.twimg.com/profile_images/885841407289806848/tDf3ZCk6_normal.jpg",454327,"North East Somerset","Conservative","Jacob Rees-Mogg ","#018fda"
"jcartlidgemp","http://pbs.twimg.com/profile_images/1174621680876044289/Ks7Vl_xB_normal.jpg",10607,"South Suffolk","Conservative","James Cartlidge ","#018fda"
"MariaMillerUK","http://pbs.twimg.com/profile_images/1531318003589124097/HBIY7V7s_normal.jpg",21537,"Basingstoke","Conservative","Maria Miller ","#018fda"
"BillCashMP","http://pbs.twimg.com/profile_images/1044935811391791104/G6ENfddf_normal.jpg",20525,"Stone","Conservative","William Cash ","#018fda"
"amandamilling","http://pbs.twimg.com/profile_images/1512183693586149388/m6qYXvZc_normal.jpg",24603,"Cannock Chase","Conservative","Amanda Milling ","#018fda"
"ScottBentonMP","http://pbs.twimg.com/profile_images/1264951821522657282/2DuCdNL6_normal.jpg",7636,"Blackpool South","Conservative","Scott Lloyd Benton","#018fda"
"mariacaulfield","http://pbs.twimg.com/profile_images/753860782010556416/ESw7W-ME_normal.jpg",23241,"Lewes","Conservative","Maria Caulfield ","#018fda"
"nigelmills","http://pbs.twimg.com/profile_images/1422199933743022084/cGGbap7D_normal.jpg",6526,"Amber Valley","Conservative","Nigel Mills ","#018fda"
"KwasiKwarteng","http://pbs.twimg.com/profile_images/1350416303924908037/Jn63s2ir_normal.jpg",35806,"Spelthorne","Conservative","Kwasi Kwarteng ","#018fda"
"AlexChalkChelt","http://pbs.twimg.com/profile_images/697436634166534147/ha5Vw9jJ_normal.jpg",14236,"Cheltenham","Conservative","Alex Chalk ","#018fda"
"lucyfrazermp","http://pbs.twimg.com/profile_images/1442196834504556548/V5Nn7PTY_normal.jpg",10149,"South East Cambridgeshire","Conservative","Lucy Frazer ","#018fda"
"LukeHall","http://pbs.twimg.com/profile_images/1213105728522723328/Bn6FIsPD_normal.jpg",5611,"Thornbury and Yate","Conservative","Luke Hall ","#018fda"
"robertcourts","http://pbs.twimg.com/profile_images/1500799469851332608/63Mc0qzd_normal.png",10357,"Witney","Conservative","Robert Courts ","#018fda"
"Rehman_Chishti","http://pbs.twimg.com/profile_images/1191821952081633280/A2owGm8O_normal.jpg",20041,"Gillingham and Rainham","Conservative","Rehman Chishti ","#018fda"
"PennyMordaunt","http://pbs.twimg.com/profile_images/1485619170809204741/Vspxi4Kx_normal.png",95790,"Portsmouth North","Conservative","Penny Mordaunt ","#018fda"
"duncancbaker","http://pbs.twimg.com/profile_images/1444664076915904516/zJpjVC6k_normal.jpg",4465,"North Norfolk","Conservative","Duncan Charles Baker","#018fda"
"Jochurchill_MP","http://pbs.twimg.com/profile_images/1489530773283688451/RBYJT4L5_normal.jpg",14144,"Bury St Edmunds","Conservative","Jo Churchill ","#018fda"
"_RobbieMoore","http://pbs.twimg.com/profile_images/1501328057776365573/2WSlGZS3_normal.jpg",6406,"Keighley","Conservative","Robbie Moore","#018fda"
"drcarolinej","http://pbs.twimg.com/profile_images/797096615223951364/3hIgdHtJ_normal.jpg",7048,"Sleaford and North Hykeham","Conservative","Dr Caroline Johnson ","#018fda"
"baynes_simon","http://pbs.twimg.com/profile_images/1177526606308544512/jUq4A62S_normal.jpg",4827,"Clwyd South","Conservative","Simon Baynes","#018fda"
"AnneMarieMorris","http://pbs.twimg.com/profile_images/1316430601986224129/NuDZKwv2_normal.jpg",22017,"Newton Abbot","Conservative","Anne Marie Morris ","#018fda"
"JamesCleverly","http://pbs.twimg.com/profile_images/1242132888046522370/yjKhxlBu_normal.jpg",116168,"Braintree","Conservative","James Cleverly ","#018fda"
"davidmorrisml","http://pbs.twimg.com/profile_images/885188490257944576/Pztfk3fZ_normal.jpg",14775,"Morecambe and Lunesdale","Conservative","David Morris ","#018fda"
"ASollowayUK","http://pbs.twimg.com/profile_images/1532322250950598657/qn9J8dwL_normal.jpg",6211,"Derby North","Conservative","Amanda Solloway ","#018fda"
"morton_wendy","http://pbs.twimg.com/profile_images/1500959705857941509/3YpCwO9h_normal.jpg",18988,"Aldridge-Brownhills","Conservative","Wendy Morton ","#018fda"
"theresecoffey","http://pbs.twimg.com/profile_images/1192935473179705350/U9U0lsA__normal.jpg",28358,"Suffolk Coastal","Conservative","Dr Thérèse Coffey ","#018fda"
"DamianCollins","http://pbs.twimg.com/profile_images/742034834290319360/MwgDWEcw_normal.jpg",30443,"Folkestone and Hythe","Conservative","Damian Collins ","#018fda"
"aliciakearns","http://pbs.twimg.com/profile_images/1504856657318318096/mbBhDkD2_normal.jpg",19167,"Rutland and Melton","Conservative","Alicia Kearns","#018fda"
"CharlesWalkerMP","http://pbs.twimg.com/profile_images/1145687310362644486/e_GStAAq_normal.jpg",29196,"Broxbourne","Conservative","Charles Walker","#018fda"
"PaulHowellMP","http://pbs.twimg.com/profile_images/1453112209299714051/vm5UkJMQ_normal.jpg",3567,"Sedgefield","Conservative","Paul Howell","#018fda"
"nadams","http://pbs.twimg.com/profile_images/1483144514831360003/czwOVmHI_normal.jpg",14451,"Selby and Ainsty","Conservative","Nigel Adams","#018fda"
"robertlargan","http://pbs.twimg.com/profile_images/1031149389035855874/VCLPejsB_normal.jpg",7212,"High Peak","Conservative","Robert Largan","#018fda"
"sheryllmurray","http://pbs.twimg.com/profile_images/1194356015380213760/uMEMmOAQ_normal.jpg",18740,"South East Cornwall","Conservative","Sheryll Murray ","#018fda"
"BimAfolami","http://pbs.twimg.com/profile_images/1085919404393676801/i4vzLXbU_normal.jpg",15054,"Hitchin and Harpenden","Conservative","Bim Afolami","#018fda"
"jamesowild","http://pbs.twimg.com/profile_images/1458911496629538818/nMLvnhtX_normal.jpg",3151,"North West Norfolk","Conservative","James Wild","#018fda"
"AWMurrison","http://pbs.twimg.com/profile_images/902837310730911745/9TcHov1A_normal.jpg",16408,"South West Wiltshire","Conservative","Dr Andrew Murrison ","#018fda"
"AaronBell4NUL","http://pbs.twimg.com/profile_images/1414643310539550726/RCsbzshK_normal.jpg",6787,"Newcastle-under-Lyme","Conservative","Aaron Bell","#018fda"
"AlbertoCostaMP","http://pbs.twimg.com/profile_images/890902226381701121/VkahPOuw_normal.jpg",10902,"South Leicestershire","Conservative","Alberto Costa ","#018fda"
"neill_bob","http://pbs.twimg.com/profile_images/421615362073845760/jRIxyAFz_normal.jpeg",18905,"Bromley and Chislehurst","Conservative","Robert Neill ","#018fda"
"Geoffrey_Cox","http://pbs.twimg.com/profile_images/1191887750028562432/lknRjE24_normal.jpg",40295,"Torridge and West Devon","Conservative","Geoffrey Cox QC ","#018fda"
"richardbaconmp","http://pbs.twimg.com/profile_images/857478206101889026/NxBBMulG_normal.jpg",1853,"South Norfolk","Conservative","Richard Bacon","#018fda"
"gregsmith_uk","http://pbs.twimg.com/profile_images/1190020482969538561/RgsIH3KX_normal.jpg",8311,"Buckingham","Conservative","Greg Smith","#018fda"
"Jesse_Norman","http://pbs.twimg.com/profile_images/873167744140795904/IkmunJuX_normal.jpg",26880,"Hereford and South Herefordshire","Conservative","Jesse Norman ","#018fda"
"KemiBadenoch","http://pbs.twimg.com/profile_images/1514504198737604611/Ju1U8Xii_normal.jpg",48712,"Saffron Walden","Conservative","Kemi Badenoch","#018fda"
"Gibbo4Darlo","http://pbs.twimg.com/profile_images/1464368152868012032/l-cGcYAA_normal.jpg",4134,"Darlington","Conservative","Peter Gibson","#018fda"
"SCrabbPembs","http://pbs.twimg.com/profile_images/1450801132851367940/7mamvbc2_normal.jpg",22721,"Preseli Pembrokeshire","Conservative","Stephen Crabb ","#018fda"
"Laura__Farris","http://pbs.twimg.com/profile_images/1326929874729242626/6huQsLa4_normal.jpg",7679,"Newbury","Conservative","Laura Farris","#018fda"
"Siobhan_Baillie","http://pbs.twimg.com/profile_images/1286274045030412288/ZCAOgFA-_normal.jpg",13160,"Stroud","Conservative","Siobhan Baillie","#018fda"
"DrBenSpencer","http://pbs.twimg.com/profile_images/1507063168836767753/PCy4bhRS_normal.jpg",7538,"Runnymede and Weybridge","Conservative","Ben Spencer","#018fda"
"AnthonyMangnal1","http://pbs.twimg.com/profile_images/1169607847505813505/zvu3OW47_normal.jpg",9254,"Totnes","Conservative","Anthony Mangnall","#018fda"
"tracey_crouch","http://pbs.twimg.com/profile_images/1478664827052728321/3PXRiLQH_normal.jpg",41421,"Chatham and Aylesford","Conservative","Tracey Crouch ","#018fda"
"tomhunt1988","http://pbs.twimg.com/profile_images/1155564432849813506/h3WbLFsL_normal.jpg",13348,"Ipswich","Conservative","Tom Hunt","#018fda"
"PBottomleyMP","http://pbs.twimg.com/profile_images/1503069307105951755/M5pJOu3v_normal.jpg",5805,"Worthing West","Conservative","Peter Bottomley","#018fda"
"AndrewBowie_MP","http://pbs.twimg.com/profile_images/1420847881666408453/6sBxFZZ8_normal.jpg",21731,"West Aberdeenshire and Kincardine","Conservative","Andrew Bowie","#018fda"
"GarethDavies_MP","http://pbs.twimg.com/profile_images/1486792089203531784/FoJX2LPO_normal.jpg",7219,"Grantham and Stamford","Conservative","Gareth Davies","#018fda"
"BBradley_Mans","http://pbs.twimg.com/profile_images/1414314511910248451/S_pj8kwk_normal.jpg",34205,"Mansfield","Conservative","Ben Bradley","#018fda"
"lia_nici","http://pbs.twimg.com/profile_images/1162358989709086720/YHkR8oP4_normal.jpg",4352,"Great Grimsby","Conservative","Lia Nici","#018fda"
"Stuart4WolvesSW","http://pbs.twimg.com/profile_images/1410906842797121536/WuGgG1Wy_normal.jpg",7843,"Wolverhampton South West","Conservative","Stuart Paul Anderson","#018fda"
"SirGrahamBrady","http://pbs.twimg.com/profile_images/1140939077509951489/e0js4OXG_normal.png",23120,"Altrincham and Sale West","Conservative","Graham Brady","#018fda"
"DavidTCDavies","http://pbs.twimg.com/profile_images/1460523484879147011/2yz4RgKL_normal.jpg",16079,"Monmouth","Conservative","David T. C. Davies ","#018fda"
"MarkPawsey","http://pbs.twimg.com/profile_images/750423376771084288/tnka2MG9_normal.jpg",8116,"Rugby","Conservative","Mark Pawsey ","#018fda"
"UK_FoRBEnvoy","http://pbs.twimg.com/profile_images/1410201458847490055/HIB7Mz5m_normal.jpg",2525,"Congleton","Conservative","Fiona Bruce","#018fda"
"twocitiesnickie","http://pbs.twimg.com/profile_images/1270636619087912966/nk0L8eTj_normal.jpg",4850,"Cities of London and Westminster","Conservative","Nickie Aiken","#018fda"
"alexburghart","http://pbs.twimg.com/profile_images/1160983764941643777/WiOTP8X5_normal.jpg",6408,"Brentwood and Ongar","Conservative","Alex Burghart","#018fda"
"antony_hig","http://pbs.twimg.com/profile_images/1209386721751777280/MLPyRSVe_normal.jpg",4188,"Burnley","Conservative","Antony Higginbotham","#018fda"
"mimsdavies","http://pbs.twimg.com/profile_images/1343904732767784960/lhRDjK0J_normal.jpg",17460,"Mid Sussex","Conservative","Mims Davies ","#018fda"
"JohnPenroseNews","http://pbs.twimg.com/profile_images/1013717561/JohnPenroseNews_normal.jpg",37451,"Weston-super-Mare","Conservative","John Penrose ","#018fda"
"PhilipDaviesUK","http://pbs.twimg.com/profile_images/859341907297742848/FKy2FIKC_normal.jpg",21656,"Shipley","Conservative","Philip Davies ","#018fda"
"SarBritcliffeMP","http://pbs.twimg.com/profile_images/1330279372264189959/WfnTxPqY_normal.jpg",6669,"Hyndburn","Conservative","Sara Britcliffe","#018fda"
"DSimmonds_RNP","http://pbs.twimg.com/profile_images/1098648539029274626/nhXq5BUb_normal.png",4233,"Ruislip, Northwood and Pinner","Conservative","David Simmonds","#018fda"
"cj_dinenage","http://pbs.twimg.com/profile_images/1526510745789337600/_g67FSpc_normal.jpg",22701,"Gosport","Conservative","Caroline Dinenage ","#018fda"
"JDjanogly","http://pbs.twimg.com/profile_images/808955423/JD_head_and_Shoulders_2_2007_normal.JPG",19632,"Huntingdon","Conservative","Jonathan Djanogly ","#018fda"
"ElliotColburn","http://pbs.twimg.com/profile_images/1206291973113556996/E6Da5saa_normal.jpg",8496,"Carshalton and Wallington","Conservative","Elliot Colburn","#018fda"
"CPhilpOfficial","http://pbs.twimg.com/profile_images/530925338/Philp_normal.jpg",15251,"Croydon South","Conservative","Chris Philp ","#018fda"
"marcolonghi4dn","http://pbs.twimg.com/profile_images/1405058580831690753/hsrccy8C_normal.jpg",4759,"Dudley North","Conservative","Marco Longhi","#018fda"
"SimonClarkeMP","http://pbs.twimg.com/profile_images/1490345383863758848/Ie-PryPY_normal.jpg",20543,"Middlesbrough South and East Cleveland","Conservative","Simon Clarke","#018fda"
"ChrisPincher","http://pbs.twimg.com/profile_images/1397194758146174986/jHOol796_normal.jpg",21384,"Tamworth","Conservative","Christopher Pincher ","#018fda"
"Nicola4WBE","http://pbs.twimg.com/profile_images/1282983879666696192/K_IMAsxT_normal.jpg",9121,"West Bromwich East","Conservative","Nicola Faye Richards","#018fda"
"michelledonelan","http://pbs.twimg.com/profile_images/1205600355481980928/WMK7YZOz_normal.jpg",21886,"Chippenham","Conservative","Michelle Donelan ","#018fda"
"NadineDorries","http://pbs.twimg.com/profile_images/1514576256200753155/OeRtbwRV_normal.jpg",130778,"Mid Bedfordshire","Conservative","Nadine Dorries ","#018fda"
"pow_rebecca","http://pbs.twimg.com/profile_images/1102587343503007744/BptDKshH_normal.png",15248,"Taunton Deane","Conservative","Rebecca Pow ","#018fda"
"Bren4Bassetlaw","http://pbs.twimg.com/profile_images/1497643941814054917/FHur9Av7_normal.jpg",7343,"Bassetlaw","Conservative","Brendan Clarke-Smith","#018fda"
"stevedouble","http://pbs.twimg.com/profile_images/1060560371558309891/u6Abostu_normal.jpg",14527,"St Austell and Newquay","Conservative","Steve Double ","#018fda"
"AJRichardsonMP","http://pbs.twimg.com/profile_images/1486324030453989378/i6DVWMxB_normal.jpg",13886,"Guildford","Conservative","Angela Richardson","#018fda"
"VictoriaPrentis","http://pbs.twimg.com/profile_images/1218140327845953536/0-rpfVOz_normal.jpg",13975,"Banbury","Conservative","Victoria Prentis ","#018fda"
"LeoDochertyUK","http://pbs.twimg.com/profile_images/1407855361693003782/BoMwFUxp_normal.jpg",8244,"Aldershot","Conservative","Leo Docherty","#018fda"
"MrAndy_Carter","http://pbs.twimg.com/profile_images/1309009250815967232/-zy8VDAF_normal.jpg",6092,"Warrington South","Conservative","Andy Carter","#018fda"
"JackieDP","http://pbs.twimg.com/profile_images/1217544348595781637/dOS0wdXH_normal.jpg",14275,"Thurrock","Conservative","Jackie Doyle-Price ","#018fda"
"MPritchardUK","http://pbs.twimg.com/profile_images/2582498608/bpqccoejadjwjocv68jd_normal.png",11768,"The Wrekin","Conservative","Mark Pritchard ","#018fda"
"JuliaLopezMP","http://pbs.twimg.com/profile_images/1315600128103911424/LMqoQFFU_normal.jpg",8104,"Hornchurch and Upminster","Conservative","Julia Lopez","#018fda"
"VotePursglove","http://pbs.twimg.com/profile_images/1255509092535320576/VnJ7NuyZ_normal.jpg",14473,"Corby","Conservative","Tom Pursglove ","#018fda"
"OliverDowden","http://pbs.twimg.com/profile_images/1507053245918855169/QDcKGix6_normal.jpg",42818,"Hertsmere","Conservative","Oliver Dowden","#018fda"
"JamesDuddridge","http://pbs.twimg.com/profile_images/1328308714898657281/paG-R92s_normal.jpg",32190,"Rochford and Southend East","Conservative","James Duddridge ","#018fda"
"willquince","http://pbs.twimg.com/profile_images/1448935548303839241/zZxBjNtr_normal.jpg",20669,"Colchester","Conservative","Will Quince ","#018fda"
"NatalieElphicke","http://pbs.twimg.com/profile_images/1193569666406453248/c01yKCpV_normal.jpg",7660,"Dover","Conservative","Natalie Elphicke","#018fda"
"danny__kruger","http://pbs.twimg.com/profile_images/1197945207947431942/Pvo02EwR_normal.jpg",11975,"Devizes","Conservative","Danny Kruger","#018fda"
"JeromeMayhew","http://pbs.twimg.com/profile_images/1450403037558845448/LG1I1EOC_normal.jpg",3245,"Broadland","Conservative","Jerome Mayhew","#018fda"
"johnredwood","http://pbs.twimg.com/profile_images/752484207021129728/wKk5lnls_normal.jpg",135166,"Wokingham","Conservative","John Redwood ","#018fda"
"david_duguid","http://pbs.twimg.com/profile_images/1532127965324226561/XHWNzQ3f_normal.jpg",6497,"Banff and Buchan","Conservative","David Duguid","#018fda"
"david4wantage","http://pbs.twimg.com/profile_images/1350471361257472005/boAiAufO_normal.jpg",3033,"Wantage","Conservative","David Johnston","#018fda"
"MPIainDS","http://pbs.twimg.com/profile_images/1394245236357009411/kfXvrg8D_normal.jpg",62110,"Chingford and Woodford Green","Conservative","Iain Duncan Smith","#018fda"
"Jane_Stevenson_","http://pbs.twimg.com/profile_images/1415367086671597568/zUClg6KW_normal.jpg",5882,"Wolverhampton North East","Conservative","Jane Stevenson","#018fda"
"DrNeilHudson","http://pbs.twimg.com/profile_images/1133794003495936000/ZInHGGQ7_normal.png",4492,"Penrith and The Border","Conservative","Neil Hudson","#018fda"
"nigelmp","http://pbs.twimg.com/profile_images/1247250603560120323/LPEUFTZu_normal.jpg",13701,"Ribble Valley","Conservative","Nigel Evans","#018fda"
"Alex_Stafford","http://pbs.twimg.com/profile_images/1225113902519934976/KaMStdaa_normal.jpg",7266,"Rother Valley","Conservative","Alexander Stafford","#018fda"
"ClaireCoutinho","http://pbs.twimg.com/profile_images/1450815511441420294/fP9oZzk1_normal.jpg",9076,"East Surrey","Conservative","Claire Coutinho","#018fda"
"SallyAnn1066","http://pbs.twimg.com/profile_images/1484482750371581957/LfiGPPXt_normal.jpg",4795,"Hastings and Rye","Conservative","Sally-Ann Hart","#018fda"
"Michael_Ellis1","http://pbs.twimg.com/profile_images/598160226819383296/x8BHp-3H_normal.jpg",14708,"Northampton North","Conservative","Michael Ellis ","#018fda"
"Dines4Dales","http://pbs.twimg.com/profile_images/1197570181679239168/Y2SfBevn_normal.jpg",1959,"Derbyshire Dales","Conservative","Sarah Dines","#018fda"
"vickyford","http://pbs.twimg.com/profile_images/1153935607565082624/2Qg5Sp-u_normal.jpg",38788,"Chelmsford","Conservative","Vicky Ford","#018fda"
"Ben_Everitt","http://pbs.twimg.com/profile_images/1476247534821588998/eA35gvL9_normal.jpg",8809,"Milton Keynes North","Conservative","Ben Everitt","#018fda"
"simonjamesjupp","http://pbs.twimg.com/profile_images/1484043720756539394/2RsBCqan_normal.jpg",8411,"East Devon","Conservative","Simon Jupp","#018fda"
"MaryRobinson01","http://pbs.twimg.com/profile_images/902689588392710145/IZ8wQLBv_normal.jpg",10645,"Cheadle","Conservative","Mary Robinson ","#018fda"
"thisischerilyn","http://pbs.twimg.com/profile_images/1460488447634952192/opHkQkwK_normal.jpg",4109,"Truro and Falmouth","Conservative","Cherilyn Mackrory","#018fda"
"DavidEvennettMP","http://pbs.twimg.com/profile_images/1488085492533014532/-tt54n3b_normal.jpg",14827,"Bexleyheath and Crayford","Conservative","David Evennett ","#018fda"
"AndrewRosindell","http://pbs.twimg.com/profile_images/1290285343363801089/Q58_CIIR_normal.jpg",23232,"Romford","Conservative","Andrew Rosindell ","#018fda"
"SirRogerGale","http://pbs.twimg.com/profile_images/1251207140414500864/947afzZB_normal.jpg",12249,"North Thanet","Conservative","Roger Gale","#018fda"
"chrisloder","http://pbs.twimg.com/profile_images/1328127297971478528/8WVwN95o_normal.jpg",7117,"West Dorset","Conservative","Chris Loder","#018fda"
"Mike_Fabricant","http://pbs.twimg.com/profile_images/1529075502132170756/JuhwBjS7_normal.jpg",52662,"Lichfield","Conservative","Michael Fabricant ","#018fda"
"DavidRutley","http://pbs.twimg.com/profile_images/2301557071/55hiaykrrnskvfn0hd61_normal.jpeg",14098,"Macclesfield","Conservative","David Rutley ","#018fda"
"ab4scambs","http://pbs.twimg.com/profile_images/1192942098166820865/bVhkbev1_normal.jpg",5531,"South Cambridgeshire","Conservative","Anthony Browne","#018fda"
"Tom_Randall","http://pbs.twimg.com/profile_images/1374781849776558085/SXxDMJ5G_normal.jpg",4894,"Gedling","Conservative","Tom Randall","#018fda"
"SuellaBraverman","http://pbs.twimg.com/profile_images/1137980262963404800/HS5EjTCm_normal.jpg",33154,"Fareham","Conservative","Suella Fernandes ","#018fda"
"scullyp","http://pbs.twimg.com/profile_images/1501922159437955084/xXbc-xsp_normal.jpg",16867,"Sutton and Cheam","Conservative","Paul Scully ","#018fda"
"grantshapps","http://pbs.twimg.com/profile_images/1501266041439244288/0L5Ar5Ji_normal.png",173424,"Welwyn Hatfield","Conservative","Grant Shapps ","#018fda"
"AlokSharma_RDG","http://pbs.twimg.com/profile_images/1395837481866694658/QZBFsVk__normal.jpg",73127,"Reading West","Conservative","Alok Sharma ","#018fda"
"Shaun4WBW","http://pbs.twimg.com/profile_images/1382656958264709120/Qy93GW9P_normal.jpg",4546,"West Bromwich West","Conservative","Shaun Bailey","#018fda"
"kevin_j_foster","http://pbs.twimg.com/profile_images/859385387130777602/IeLajnYe_normal.jpg",8754,"Torbay","Conservative","Kevin Foster ","#018fda"
"AlecShelbrooke","http://pbs.twimg.com/profile_images/1224781783864086530/-Um0W9bQ_normal.jpg",16298,"Elmet and Rothwell","Conservative","Alec Shelbrooke ","#018fda"
"bhatti_saqib","http://pbs.twimg.com/profile_images/1379541678269337611/bgdab5cW_normal.jpg",8040,"Meriden","Conservative","Saqib Bhatti","#018fda"
"LiamFox","http://pbs.twimg.com/profile_images/1457725286477443075/1jb3AoGO_normal.jpg",105314,"North Somerset","Conservative","Dr Liam Fox ","#018fda"
"GeorgeFreemanMP","http://pbs.twimg.com/profile_images/1513514776365830147/i4JlgMm8_normal.jpg",31501,"Mid Norfolk","Conservative","George Freeman ","#018fda"
"AylesburyTories","http://pbs.twimg.com/profile_images/567624737480650753/R2La2BZg_normal.png",1051,"Aylesbury","Conservative","Rob Butler","#018fda"
"MarcusFysh","http://pbs.twimg.com/profile_images/710590002569330688/Qc2oGmAQ_normal.jpg",25990,"Yeovil","Conservative","Marcus Fysh ","#018fda"
"NickFletcherMP","http://pbs.twimg.com/profile_images/1224361959375671296/w4MJiN--_normal.jpg",4245,"Don Valley","Conservative","Nicholas Fletcher","#018fda"
"imranahmadkhan","http://pbs.twimg.com/profile_images/1380484771743158272/ybU5RaoO_normal.jpg",5987,"Wakefield","Conservative","Imran Nasir Ahmad Khan","#018fda"
"Mark4WyreForest","http://pbs.twimg.com/profile_images/873175708142645249/wfWPo6Fo_normal.jpg",16466,"Wyre Forest","Conservative","Mark Garnier ","#018fda"
"HenrySmithUK","http://pbs.twimg.com/profile_images/1517269545316147206/b5vEmYAu_normal.jpg",17667,"Crawley","Conservative","Henry Smith ","#018fda"
"Nus_Ghani","http://pbs.twimg.com/profile_images/1283401044471492609/xYYpKgUS_normal.jpg",29002,"Wealden","Conservative","Nusrat Ghani ","#018fda"
"EddieHughes4WN","http://pbs.twimg.com/profile_images/929796018195107840/_NU4X1qQ_normal.jpg",12766,"Walsall North","Conservative","Eddie Hughes","#018fda"
"JulianSmithUK","http://pbs.twimg.com/profile_images/1259779962648870912/lJEkX29v_normal.jpg",37643,"Skipton and Ripon","Conservative","Julian Smith ","#018fda"
"griffitha","http://pbs.twimg.com/profile_images/1206445756175060992/7CHk2hrJ_normal.jpg",6410,"Arundel and South Downs","Conservative","Andrew Griffith","#018fda"
"Royston_Smith","http://pbs.twimg.com/profile_images/1162812813091512320/GOwgbE31_normal.jpg",8349,"Southampton, Itchen","Conservative","Royston Smith ","#018fda"
"JohnGlenUK","http://pbs.twimg.com/profile_images/1532424215344910336/nofte8yu_normal.jpg",24628,"Salisbury","Conservative","John Glen ","#018fda"
"JamesSunderl","http://pbs.twimg.com/profile_images/1272967490797174784/AnngZ2w7_normal.jpg",4099,"Bracknell","Conservative","James Sunderland","#018fda"
"GillianKeegan","http://pbs.twimg.com/profile_images/1301309531025281025/SnXEIKVl_normal.jpg",16281,"Chichester","Conservative","Gillian Keegan","#018fda"
"Mark_Spencer","http://pbs.twimg.com/profile_images/674165699305189377/aeJIq5TT_normal.jpg",21564,"Sherwood","Conservative","Mark Spencer ","#018fda"
"Anna_Firth","http://pbs.twimg.com/profile_images/1514186054231855105/NGfHmjmK_normal.jpg",11059,"Southend West","Conservative","Anna Firth","#018fda"
"RichardGrahamUK","http://pbs.twimg.com/profile_images/1327606843313631232/VcRTzDDh_normal.jpg",13259,"Gloucester","Conservative","Richard Graham ","#018fda"
"Andrew4Pendle","http://pbs.twimg.com/profile_images/1532317891386810369/Cbe5DtAS_normal.jpg",25262,"Pendle","Conservative","Andrew Stephenson ","#018fda"
"HelenGrantMP","http://pbs.twimg.com/profile_images/992131022757289984/btjsgC81_normal.jpg",22791,"Maidstone and The Weald","Conservative","Helen Grant ","#018fda"
"JGray","http://pbs.twimg.com/profile_images/1217861870369021953/Up3ODM-l_normal.jpg",19057,"North Wiltshire","Conservative","James Gray ","#018fda"
"John4Carlisle","http://pbs.twimg.com/profile_images/1214917344604119040/K_tf95Rb_normal.jpg",14380,"Carlisle","Conservative","John Stevenson ","#018fda"
"John2Win","http://pbs.twimg.com/profile_images/1460216018710765569/OfPFLreh_normal.jpg",12142,"Berwickshire, Roxburgh and Selkirk","Conservative","John Lamont","#018fda"
"iainastewart","http://pbs.twimg.com/profile_images/1168490090181607429/57glzM9X_normal.jpg",19207,"Milton Keynes South","Conservative","Iain Stewart ","#018fda"
"ALewerMBE","http://pbs.twimg.com/profile_images/873526883643781120/zcYwkI1M_normal.jpg",5092,"Northampton South","Conservative","Andrew Lewer","#018fda"
"DamianGreen","http://pbs.twimg.com/profile_images/1190013823576682496/xg5HF9C-_normal.jpg",21748,"Ashford","Conservative","Damian Green ","#018fda"
"grahamstuart","http://pbs.twimg.com/profile_images/1306556123042975745/m0jLlQN-_normal.jpg",17888,"Beverley and Holderness","Conservative","Graham Stuart ","#018fda"
"DesmondSwayne","http://pbs.twimg.com/profile_images/492269598205419521/KJR1VO4Z_normal.jpeg",62041,"New Forest West","Conservative","Desmond Swayne ","#018fda"
"RobertSyms","http://pbs.twimg.com/profile_images/378800000761146150/025067e5b661cb809638b781b159b44c_normal.jpeg",13248,"Poole","Conservative","Robert Syms ","#018fda"
"JonathanLord","http://pbs.twimg.com/profile_images/507159459861250048/QS53zFLq_normal.jpeg",3136,"Woking","Conservative","Jonathan Lord","#018fda"
"redditchrachel","http://pbs.twimg.com/profile_images/1529740680347672576/GOhKAgxv_normal.jpg",12658,"Redditch","Conservative","Rachel Maclean","#018fda"
"halfon4harlowMP","http://pbs.twimg.com/profile_images/1430092443890954248/7NmoX5EM_normal.jpg",37650,"Harlow","Conservative","Robert Halfon ","#018fda"
"maggie_erewash","http://pbs.twimg.com/profile_images/1082258943911620608/pyL1OagZ_normal.jpg",3697,"Erewash","Conservative","Maggie Throup ","#018fda"
"MattHancock","http://pbs.twimg.com/profile_images/1484506521895591937/IVqg9RT4_normal.jpg",424529,"West Suffolk","Conservative","Matthew Hancock ","#018fda"
"KellyTolhurst","http://pbs.twimg.com/profile_images/775115332516274176/6mXTPPFL_normal.jpg",15523,"Rochester and Strood","Conservative","Kelly Tolhurst ","#018fda"
"GregHands","http://pbs.twimg.com/profile_images/1242527257761124354/z3qGmUPC_normal.jpg",45848,"Chelsea and Fulham","Conservative","Greg Hands ","#018fda"
"JustinTomlinson","http://pbs.twimg.com/profile_images/1404384180247617541/vdtY2AiF_normal.jpg",21208,"North Swindon","Conservative","Justin Tomlinson ","#018fda"
"EstherMcVey1","http://pbs.twimg.com/profile_images/844845795392143360/zARCJyvV_normal.jpg",74785,"Tatton","Conservative","Esther McVey","#018fda"
"Michael4MDNP","http://pbs.twimg.com/profile_images/753593890050048001/eq6NbneN_normal.jpg",10867,"Mid Dorset and North Poole","Conservative","Michael Tomlinson ","#018fda"
"craig4nwarks","http://pbs.twimg.com/profile_images/753310297579028481/jOGrQs4E_normal.jpg",9974,"North Warwickshire","Conservative","Craig Tracey ","#018fda"
"Mark_J_Harper","http://pbs.twimg.com/profile_images/1355619294814629896/B8ygLyZy_normal.jpg",48771,"Forest of Dean","Conservative","Mark Harper ","#018fda"
"annietrev","http://pbs.twimg.com/profile_images/951939412744658944/wR3Rzmqi_normal.jpg",31303,"Berwick-upon-Tweed","Conservative","Anne-Marie Trevelyan ","#018fda"
"TomTugendhat","http://pbs.twimg.com/profile_images/1175078951900856320/EQv04JRA_normal.jpg",115770,"Tonbridge and Malling","Conservative","Tom Tugendhat ","#018fda"
"RebeccaHarrisMP","http://pbs.twimg.com/profile_images/739840672056758272/vVYgnuvE_normal.jpg",7380,"Castle Point","Conservative","Rebecca Harris ","#018fda"
"Simonhartmp","http://pbs.twimg.com/profile_images/1247968181685112832/5RNNmAsD_normal.jpg",11315,"Carmarthen West and South Pembrokeshire","Conservative","Simon Hart ","#018fda"
"NeilDotObrien","http://pbs.twimg.com/profile_images/1414508376894152704/-WhwhiHZ_normal.jpg",33890,"Harborough","Conservative","Neil O'Brien","#018fda"
"OliverHealdUK","http://pbs.twimg.com/profile_images/1442836019125145600/-J7eZvSJ_normal.jpg",11996,"North East Hertfordshire","Conservative","Oliver Heald QC ","#018fda"
"JSHeappey","http://pbs.twimg.com/profile_images/1064535516773826562/LQu4R7Gm_normal.jpg",20320,"Wells","Conservative","James Heappey ","#018fda"
"chhcalling","http://pbs.twimg.com/profile_images/1098260306399318018/5yVb2qhT_normal.png",25125,"Daventry","Conservative","Chris Heaton-Harris ","#018fda"
"MartinVickers","http://pbs.twimg.com/profile_images/2651957776/deb074b148b4ca56fab93b80b195326b_normal.png",13020,"Cleethorpes","Conservative","Martin Vickers ","#018fda"
"WalkerWorcester","http://pbs.twimg.com/profile_images/378800000746478650/5da984d1997304394258cc8010e9335a_normal.jpeg",16425,"Worcester","Conservative","Robin Walker ","#018fda"
"BWallaceMP","http://pbs.twimg.com/profile_images/596601776482168832/mHl6EaPP_normal.jpg",53760,"Wyre and Preston North","Conservative","Ben Wallace ","#018fda"
"mattwarman","http://pbs.twimg.com/profile_images/758436396663267328/zLxZv6ha_normal.jpg",19957,"Boston and Skegness","Conservative","Matt Warman ","#018fda"
"Simon4NDorset","http://pbs.twimg.com/profile_images/917373915797905408/qBaQZey__normal.jpg",22158,"North Dorset","Conservative","Simon Hoare ","#018fda"
"DominicRaab","http://pbs.twimg.com/profile_images/1438321312687087618/fZwyaaLz_normal.jpg",345361,"Esher and Walton","Conservative","Dominic Raab","#018fda"
"Helen_Whately","http://pbs.twimg.com/profile_images/1455909051011899399/yVc3zaYD_normal.jpg",24843,"Faversham and Mid Kent","Conservative","Helen Whately ","#018fda"
"HeatherWheeler","http://pbs.twimg.com/profile_images/1194273380565995526/RO_cI5qo_normal.jpg",20948,"South Derbyshire","Conservative","Heather Wheeler ","#018fda"
"kevinhollinrake","http://pbs.twimg.com/profile_images/1141795006635753474/vWRgsJDq_normal.jpg",12636,"Thirsk and Malton","Conservative","Kevin Hollinrake ","#018fda"
"Douglas4Moray","http://pbs.twimg.com/profile_images/1289518669022797825/zHknfEDE_normal.jpg",40572,"Moray","Conservative","Douglas Ross","#018fda"
"craig4monty","http://pbs.twimg.com/profile_images/786904262513201152/HuoKKBhh_normal.jpg",5547,"Montgomeryshire","Conservative","Craig Williams ","#018fda"
"JHowellUK","http://pbs.twimg.com/profile_images/1219282672226271232/9T9RP9Gm_normal.jpg",8419,"Henley","Conservative","John Howell ","#018fda"
"Lee4NED","http://pbs.twimg.com/profile_images/874017393089097728/HQuybB6l_normal.jpg",10553,"North East Derbyshire","Conservative","Lee Benjamin Rowley","#018fda"
"GavinWilliamson","http://pbs.twimg.com/profile_images/1255079886944972801/CpePRT5O_normal.jpg",105330,"South Staffordshire","Conservative","Gavin Williamson ","#018fda"
"HuddlestonNigel","http://pbs.twimg.com/profile_images/831199160133177350/r3i_hcya_normal.jpg",18739,"Mid Worcestershire","Conservative","Nigel Huddleston ","#018fda"
"Jeremy_Hunt","http://pbs.twimg.com/profile_images/1527585011771244545/udUFIgce_normal.jpg",228218,"South West Surrey","Conservative","Jeremy Hunt ","#018fda"
"IoWBobSeely","http://pbs.twimg.com/profile_images/1453399975086407685/kF3XSkqi_normal.jpg",15338,"Isle of Wight","Conservative","Bob Seely","#018fda"
"mikejwood","http://pbs.twimg.com/profile_images/866216302389506049/fCdi62Kh_normal.jpg",7675,"Dudley South","Conservative","Mike Wood ","#018fda"
"William_Wragg","http://pbs.twimg.com/profile_images/1143537308165128198/V6O0I6z5_normal.png",19365,"Hazel Grove","Conservative","William Wragg ","#018fda"
"nadhimzahawi","http://pbs.twimg.com/profile_images/1505175575513739271/V2f1ZD0O_normal.jpg",88000,"Stratford-on-Avon","Conservative","Nadhim Zahawi ","#018fda"
"sajidjavid","http://pbs.twimg.com/profile_images/1503834884862844937/ujX7qjAh_normal.jpg",286302,"Bromsgrove","Conservative","Sajid Javid ","#018fda"
"MelJStride","http://pbs.twimg.com/profile_images/1093174984808300549/GMAFehgK_normal.jpg",6594,"Central Devon","Conservative","Mel Stride","#018fda"
"TeamRanil","http://pbs.twimg.com/profile_images/1220750270256336896/yC-ai6Z8_normal.jpg",2185,"North East Hampshire","Conservative","Ranil Jayawardena ","#018fda"
"DavidMundellDCT","http://pbs.twimg.com/profile_images/745377747413831680/T7pJxy87_normal.jpg",16986,"Dumfriesshire, Clydesdale & Tweeddale","Conservative","David Mundell ","#018fda"
"bernardjenkin","http://pbs.twimg.com/profile_images/1325024732182319104/p2i-OAZV_normal.png",37967,"Harwich and North Essex","Conservative","Bernard Jenkin ","#018fda"
"JulianSturdy","http://pbs.twimg.com/profile_images/1493570984556875777/6R7_efvl_normal.jpg",3295,"York Outer","Conservative","Julian Sturdy","#018fda"
"andreajenkyns","http://pbs.twimg.com/profile_images/1369279503273496581/pETyVGSE_normal.jpg",61655,"Morley and Outwood","Conservative","Andrea Jenkyns ","#018fda"
"JWhittingdale","http://pbs.twimg.com/profile_images/598437504677740544/unZDUOLY_normal.jpg",9118,"Maldon","Conservative","John Whittingdale ","#018fda"
"RishiSunak","http://pbs.twimg.com/profile_images/1372190965599985664/PQ3J2v6Y_normal.jpg",513840,"Richmond (Yorks)","Conservative","Rishi Sunak","#018fda"
"RobertJenrick","http://pbs.twimg.com/profile_images/1503159347005714432/Xqinmmep_normal.jpg",55659,"Newark","Conservative","Robert Jenrick ","#018fda"
"BorisJohnson","http://pbs.twimg.com/profile_images/1500170386520129536/Rr2G6A-N_normal.jpg",4461698,"Uxbridge and South Ruislip","Conservative","Boris Johnson ","#018fda"
"DavidJonesMP","http://pbs.twimg.com/profile_images/1205970216078991361/RfwD0BOP_normal.jpg",17640,"Clwyd West","Conservative","David Jones ","#018fda"
"ShaileshVara","http://pbs.twimg.com/profile_images/1014521230211371014/PCCu-iYZ_normal.jpg",4536,"North West Cambridgeshire","Conservative","Shailesh Vara","#018fda"
"Metcalfe_SBET","http://pbs.twimg.com/profile_images/1184118193138348032/Rtc6kCm6_normal.jpg",7734,"South Basildon and East Thurrock","Conservative","Stephen Metcalfe ","#018fda"
"AndrewSelous","http://pbs.twimg.com/profile_images/1263818782251855872/k2kdICzT_normal.jpg",21773,"South West Bedfordshire","Conservative","Andrew Selous ","#018fda"
"GilesWatling","http://pbs.twimg.com/profile_images/1191727140305281024/IyYUyWPo_normal.jpg",4675,"Clacton","Conservative","Giles Watling","#018fda"
"NickGibbUK","http://pbs.twimg.com/profile_images/1142824685509468160/cimY0lyV_normal.jpg",18626,"Bognor Regis and Littlehampton","Conservative","Nick Gibb","#018fda"
"CGreenUK","http://pbs.twimg.com/profile_images/1213783036539678721/N3j1INnF_normal.jpg",15316,"Bolton West","Conservative","Chris Green","#018fda"
"Tobias_Ellwood","http://pbs.twimg.com/profile_images/993960563255468033/U5ArhyIQ_normal.jpg",87154,"Bournemouth East","Conservative","Tobias Ellwood","#018fda"
"ConorBurnsUK","http://pbs.twimg.com/profile_images/1422512138321604609/fiVvdCjZ_normal.jpg",25726,"Bournemouth West","Conservative","Conor Burns","#018fda"
"edwardtimpson","http://pbs.twimg.com/profile_images/1326834280744542208/CY6a008W_normal.jpg",6844,"Eddisbury","Conservative","Edward Timpson","#018fda"
"JamesMorris","http://pbs.twimg.com/profile_images/1387793498213077007/exY4lSnX_normal.jpg",9656,"Halesowen and Rowley Regis","Conservative","James Morris","#018fda"
"julianknight15","http://pbs.twimg.com/profile_images/1412011604707889153/E8xh1oE2_normal.jpg",13424,"Solihull","Conservative","Julian Knight ","#018fda"
"DamianHinds","http://pbs.twimg.com/profile_images/798112377745108992/LT63On3B_normal.jpg",33783,"East Hampshire","Conservative","Damian Hinds","#018fda"
"GregKnight","http://pbs.twimg.com/profile_images/741672164928159744/xmpiVolX_normal.jpg",11802,"East Yorkshire","Conservative","Greg Knight ","#018fda"
"AJonesMP","http://pbs.twimg.com/profile_images/2585288886/zeagvk7gk67b6eig57w2_normal.jpeg",15913,"Harrogate and Knaresborough","Conservative","Andrew Jones","#018fda"
"Offord4Hendon","http://pbs.twimg.com/profile_images/938074070960263168/JKCdfrp6_normal.jpg",10647,"Hendon","Conservative","Matthew Offord","#018fda"
"eleanor4epping","http://pbs.twimg.com/profile_images/1504531767973269504/X-cDbHfp_normal.jpg",13814,"Epping Forest","Conservative","Eleanor Laing ","#018fda"
"StephenFarryMP","http://pbs.twimg.com/profile_images/1234855550090956800/3PF6B8sg_normal.jpg",17300,"North Down","Alliance Party of Northern Ireland","Stephen Farry","#eec52e"
